folds:,0,1,2,3,4,5,6,7,8,9,10,11,12,13,14,15,16,17,18,19,20,21,22,23,24,25,26,27,28,29
ACSF1,0.89,0.74,0.83,0.86,0.77,0.85,0.78,0.74,0.79,0.81,0.74,0.83,0.89,0.79,0.8,0.81,0.88,0.72,0.83,0.79,0.82,0.75,0.76,0.81,0.77,0.77,0.84,0.72,0.75,0.87
Adiac,0.8158567774936062,0.7877237851662404,0.7723785166240409,0.7595907928388747,0.8132992327365729,0.80306905370844,0.7851662404092071,0.7851662404092071,0.7570332480818415,0.7851662404092071,0.7723785166240409,0.7723785166240409,0.782608695652174,0.782608695652174,0.7647058823529411,0.782608695652174,0.8056265984654731,0.7774936061381074,0.7723785166240409,0.8132992327365729,0.7979539641943734,0.7928388746803069,0.7979539641943734,0.7979539641943734,0.7723785166240409,0.7928388746803069,0.7851662404092071,0.7698209718670077,0.7902813299232737,0.7979539641943734
ArrowHead,0.6914285714285714,0.8685714285714285,0.7314285714285714,0.8571428571428571,0.8171428571428572,0.7828571428571428,0.8,0.8114285714285714,0.7085714285714285,0.8,0.8114285714285714,0.8457142857142858,0.7485714285714286,0.7942857142857143,0.8057142857142857,0.7428571428571429,0.7314285714285714,0.7657142857142857,0.8,0.84,0.7657142857142857,0.8285714285714286,0.7371428571428571,0.8285714285714286,0.8285714285714286,0.7885714285714286,0.8228571428571428,0.8171428571428572,0.8171428571428572,0.8114285714285714
Beef,0.8333333333333334,0.6666666666666666,0.7,0.7333333333333333,0.7333333333333333,0.7333333333333333,0.8333333333333334,0.7333333333333333,0.8,0.9,0.6666666666666666,0.6333333333333333,0.8333333333333334,0.5666666666666667,0.8333333333333334,0.7333333333333333,0.7333333333333333,0.9,0.7,0.7333333333333333,0.7,0.8333333333333334,0.7666666666666667,0.8333333333333334,0.6333333333333333,0.7333333333333333,0.5666666666666667,0.6666666666666666,0.7666666666666667,0.6666666666666666
BeetleFly,0.8,1.0,1.0,0.9,0.95,0.95,1.0,1.0,0.95,0.95,0.95,0.85,0.95,1.0,0.95,0.9,0.95,0.9,0.95,0.9,0.9,0.95,0.95,0.95,0.9,0.95,0.95,0.95,0.9,0.95
BirdChicken,0.9,0.85,0.9,0.85,0.95,0.85,0.95,0.85,0.85,0.85,0.85,0.8,0.9,0.9,0.75,0.95,1.0,0.95,0.8,0.9,0.85,0.95,0.95,0.9,0.85,1.0,0.8,0.7,0.9,0.85
BME,0.94,0.96,0.8866666666666667,0.8933333333333333,0.94,0.96,0.94,0.96,0.9666666666666667,0.94,0.9466666666666667,0.96,0.9533333333333334,0.8733333333333333,0.94,0.92,0.9666666666666667,0.9666666666666667,0.92,0.9466666666666667,0.88,0.92,0.9266666666666666,0.86,0.9466666666666667,0.9733333333333334,0.8733333333333333,0.88,0.88,0.9466666666666667
Car,0.85,0.7833333333333333,0.8666666666666667,0.8833333333333333,0.8666666666666667,0.7833333333333333,0.8333333333333334,0.8333333333333334,0.8333333333333334,0.8833333333333333,0.8166666666666667,0.8666666666666667,0.9333333333333333,0.8666666666666667,0.8666666666666667,0.75,0.8666666666666667,0.8166666666666667,0.8,0.9333333333333333,0.7166666666666667,0.8333333333333334,0.85,0.8666666666666667,0.8,0.9,0.75,0.8666666666666667,0.7833333333333333,0.8166666666666667
CBF,0.9655555555555555,0.9377777777777778,0.9933333333333333,0.99,0.9622222222222222,0.9944444444444445,0.9922222222222222,0.9877777777777778,0.9944444444444445,0.9766666666666667,0.9922222222222222,0.9911111111111112,0.9944444444444445,0.9977777777777778,0.9955555555555555,0.9833333333333333,0.9955555555555555,0.9844444444444445,0.9688888888888889,0.9866666666666667,0.9722222222222222,0.9944444444444445,0.9944444444444445,0.9788888888888889,0.9911111111111112,0.9977777777777778,0.9844444444444445,0.9766666666666667,0.9988888888888889,0.9888888888888889
Chinatown,0.9737609329446064,0.9591836734693877,0.9825072886297376,0.967930029154519,0.9650145772594753,0.9620991253644315,0.967930029154519,0.9708454810495627,0.967930029154519,0.9650145772594753,0.9475218658892128,0.9591836734693877,0.967930029154519,0.967930029154519,0.9650145772594753,0.9416909620991254,0.967930029154519,0.9708454810495627,0.9708454810495627,0.9650145772594753,0.9650145772594753,0.9825072886297376,0.9620991253644315,0.9504373177842566,0.967930029154519,0.9504373177842566,0.9650145772594753,0.9591836734693877,0.9737609329446064,0.9620991253644315
ChlorineConcentration,0.7520833333333333,0.7541666666666667,0.7440104166666667,0.7114583333333333,0.7377604166666667,0.7247395833333333,0.7619791666666667,0.7247395833333333,0.75625,0.7122395833333334,0.7536458333333333,0.7325520833333333,0.7640625,0.73125,0.7385416666666667,0.73515625,0.75,0.746875,0.75703125,0.7575520833333333,0.7265625,0.7416666666666667,0.7567708333333333,0.7486979166666666,0.76484375,0.7296875,0.7263020833333333,0.734375,0.7385416666666667,0.7075520833333333
CinCECGTorso,0.991304347826087,0.9492753623188406,0.9507246376811594,0.986231884057971,0.991304347826087,0.9652173913043478,0.9869565217391304,0.9920289855072464,0.9891304347826086,0.9688405797101449,0.9036231884057971,0.9847826086956522,0.9702898550724638,0.9775362318840579,0.936231884057971,0.9920289855072464,0.946376811594203,0.9717391304347827,0.9702898550724638,0.9826086956521739,0.9623188405797102,0.9739130434782609,0.946376811594203,0.9579710144927536,0.9637681159420289,0.9478260869565217,0.991304347826087,0.9630434782608696,0.9739130434782609,0.9789855072463768
Coffee,1.0,0.9642857142857143,1.0,0.9642857142857143,0.9642857142857143,1.0,0.9642857142857143,1.0,1.0,1.0,1.0,1.0,1.0,1.0,1.0,1.0,1.0,1.0,1.0,1.0,1.0,1.0,0.9285714285714286,1.0,1.0,0.8928571428571429,1.0,1.0,1.0,1.0
Computers,0.672,0.824,0.812,0.804,0.756,0.848,0.796,0.796,0.748,0.824,0.796,0.744,0.86,0.812,0.804,0.816,0.82,0.808,0.76,0.82,0.78,0.796,0.852,0.832,0.856,0.744,0.82,0.908,0.824,0.816
CricketX,0.7923076923076923,0.7871794871794872,0.7923076923076923,0.782051282051282,0.7743589743589744,0.7794871794871795,0.7846153846153846,0.7948717948717948,0.7974358974358975,0.7948717948717948,0.7846153846153846,0.8153846153846154,0.8025641025641026,0.8128205128205128,0.7769230769230769,0.8102564102564103,0.7923076923076923,0.7615384615384615,0.7538461538461538,0.8307692307692308,0.7743589743589744,0.7589743589743589,0.7769230769230769,0.7974358974358975,0.7717948717948718,0.7769230769230769,0.782051282051282,0.782051282051282,0.7897435897435897,0.7948717948717948
CricketY,0.7769230769230769,0.8102564102564103,0.7974358974358975,0.7076923076923077,0.7794871794871795,0.7794871794871795,0.7666666666666667,0.7512820512820513,0.7666666666666667,0.7743589743589744,0.7666666666666667,0.7666666666666667,0.7487179487179487,0.7692307692307693,0.8,0.735897435897436,0.7897435897435897,0.7743589743589744,0.7743589743589744,0.7538461538461538,0.7743589743589744,0.7769230769230769,0.782051282051282,0.7948717948717948,0.7410256410256411,0.7846153846153846,0.764102564102564,0.7512820512820513,0.7769230769230769,0.7512820512820513
CricketZ,0.8102564102564103,0.7948717948717948,0.8051282051282052,0.7871794871794872,0.8102564102564103,0.8256410256410256,0.8051282051282052,0.8076923076923077,0.8589743589743589,0.7897435897435897,0.7923076923076923,0.823076923076923,0.7897435897435897,0.8307692307692308,0.7846153846153846,0.7846153846153846,0.7794871794871795,0.823076923076923,0.8153846153846154,0.8153846153846154,0.8333333333333334,0.7897435897435897,0.8256410256410256,0.782051282051282,0.7871794871794872,0.782051282051282,0.8384615384615385,0.7846153846153846,0.7948717948717948,0.8153846153846154
Crop,0.7329166666666667,0.7346428571428572,0.7324404761904761,0.7326785714285714,0.7401190476190476,0.7292857142857143,0.7323214285714286,0.7350595238095238,0.7330952380952381,0.7340476190476191,0.7329166666666667,0.7297023809523809,0.7333928571428572,0.7398214285714285,0.7364880952380952,0.7360714285714286,0.7353571428571428,0.7345833333333334,0.7336904761904762,0.7382738095238095,0.7320238095238095,0.7352380952380952,0.7364285714285714,0.7351190476190477,0.7360714285714286,0.7378571428571429,0.7361309523809524,0.7314880952380952,0.7361904761904762,0.7385714285714285
DiatomSizeReduction,0.7973856209150327,0.8725490196078431,0.8758169934640523,0.8366013071895425,0.8888888888888888,0.8790849673202614,0.8725490196078431,0.8758169934640523,0.8823529411764706,0.8888888888888888,0.8496732026143791,0.869281045751634,0.8366013071895425,0.8366013071895425,0.8333333333333334,0.8725490196078431,0.826797385620915,0.8758169934640523,0.8627450980392157,0.8660130718954249,0.7483660130718954,0.869281045751634,0.8725490196078431,0.8496732026143791,0.8921568627450981,0.803921568627451,0.869281045751634,0.8758169934640523,0.8562091503267973,0.8790849673202614
DistalPhalanxOutlineAgeGroup,0.7553956834532374,0.8273381294964028,0.7913669064748201,0.8489208633093526,0.7482014388489209,0.762589928057554,0.8345323741007195,0.7985611510791367,0.7985611510791367,0.8057553956834532,0.7697841726618705,0.7841726618705036,0.8489208633093526,0.7482014388489209,0.8129496402877698,0.8129496402877698,0.8129496402877698,0.8129496402877698,0.7769784172661871,0.8201438848920863,0.7697841726618705,0.8129496402877698,0.7913669064748201,0.7985611510791367,0.7913669064748201,0.7841726618705036,0.762589928057554,0.7913669064748201,0.8129496402877698,0.762589928057554
DistalPhalanxOutlineCorrect,0.7789855072463768,0.8297101449275363,0.8514492753623188,0.7971014492753623,0.8297101449275363,0.8405797101449275,0.822463768115942,0.8079710144927537,0.8260869565217391,0.8478260869565217,0.8405797101449275,0.8623188405797102,0.8260869565217391,0.8405797101449275,0.8152173913043478,0.8333333333333334,0.8623188405797102,0.822463768115942,0.8405797101449275,0.8152173913043478,0.8369565217391305,0.8405797101449275,0.8043478260869565,0.8514492753623188,0.8586956521739131,0.8405797101449275,0.8152173913043478,0.8260869565217391,0.782608695652174,0.8333333333333334
DistalPhalanxTW,0.7122302158273381,0.7266187050359713,0.6834532374100719,0.6906474820143885,0.7122302158273381,0.7122302158273381,0.7122302158273381,0.6834532374100719,0.697841726618705,0.697841726618705,0.6618705035971223,0.6906474820143885,0.6474820143884892,0.6690647482014388,0.7266187050359713,0.7194244604316546,0.7194244604316546,0.6834532374100719,0.7122302158273381,0.7122302158273381,0.697841726618705,0.6906474820143885,0.6618705035971223,0.6906474820143885,0.7338129496402878,0.6690647482014388,0.7050359712230215,0.7266187050359713,0.6402877697841727,0.697841726618705
Earthquakes,0.7482014388489209,0.7482014388489209,0.7482014388489209,0.7410071942446043,0.7482014388489209,0.7266187050359713,0.7482014388489209,0.7482014388489209,0.7482014388489209,0.7194244604316546,0.7482014388489209,0.7482014388489209,0.7482014388489209,0.7482014388489209,0.7482014388489209,0.7482014388489209,0.7482014388489209,0.7410071942446043,0.7482014388489209,0.7482014388489209,0.7338129496402878,0.7482014388489209,0.7338129496402878,0.7482014388489209,0.7410071942446043,0.7410071942446043,0.7410071942446043,0.7410071942446043,0.7410071942446043,0.7338129496402878
ECG200,0.84,0.78,0.85,0.83,0.84,0.9,0.84,0.87,0.88,0.9,0.84,0.81,0.85,0.84,0.8,0.86,0.85,0.8,0.87,0.79,0.8,0.8,0.83,0.9,0.83,0.84,0.8,0.89,0.84,0.85
ECG5000,0.9435555555555556,0.9415555555555556,0.9435555555555556,0.9457777777777778,0.9433333333333334,0.9406666666666667,0.9413333333333334,0.9422222222222222,0.9462222222222222,0.9444444444444444,0.9448888888888889,0.9386666666666666,0.9448888888888889,0.9415555555555556,0.9384444444444444,0.9411111111111111,0.9428888888888889,0.9437777777777778,0.9433333333333334,0.9437777777777778,0.9433333333333334,0.9448888888888889,0.9415555555555556,0.9413333333333334,0.9357777777777778,0.946,0.9411111111111111,0.9384444444444444,0.9393333333333334,0.9373333333333334
ECGFiveDays,0.9988385598141696,0.9616724738675958,0.9976771196283392,0.9976771196283392,0.9686411149825784,0.9790940766550522,0.9790940766550522,0.9907084785133565,1.0,0.9907084785133565,0.9872241579558653,0.9779326364692218,0.9512195121951219,0.9407665505226481,0.959349593495935,0.9976771196283392,0.9872241579558653,0.9988385598141696,0.9802555168408827,0.9849012775842044,0.9872241579558653,0.983739837398374,0.9384436701509872,0.9953542392566783,0.9988385598141696,0.9454123112659698,0.9291521486643438,0.9965156794425087,0.975609756097561,0.9965156794425087
ElectricDevices,0.739722474387239,0.8953443133186357,0.882116457009467,0.8854882635196473,0.8834133056672286,0.880560238620153,0.8860070029827519,0.8835429905330048,0.8791337050966153,0.8822461418752432,0.8910647127480223,0.8862663727143042,0.8839320451303333,0.8909350278822461,0.8884710154324991,0.8834133056672286,0.8928803008688886,0.8850992089223187,0.8839320451303333,0.8874335365062898,0.8788743353650629,0.8799118142912722,0.8858773181169758,0.8910647127480223,0.8871741667747374,0.8860070029827519,0.889249124627156,0.8891194397613799,0.8943068343924264,0.8849695240565426
EOGHorizontalSignal,0.5883977900552486,0.7237569060773481,0.7375690607734806,0.7348066298342542,0.7513812154696132,0.7486187845303868,0.7651933701657458,0.7209944751381215,0.7320441988950276,0.7790055248618785,0.7209944751381215,0.7292817679558011,0.7624309392265194,0.7348066298342542,0.7707182320441989,0.7734806629834254,0.7596685082872928,0.7430939226519337,0.7430939226519337,0.7486187845303868,0.7458563535911602,0.7762430939226519,0.7596685082872928,0.7375690607734806,0.7320441988950276,0.7182320441988951,0.7237569060773481,0.7403314917127072,0.7292817679558011,0.7458563535911602
EOGVerticalSignal,0.4889502762430939,0.7265193370165746,0.6961325966850829,0.7292817679558011,0.7182320441988951,0.7237569060773481,0.7154696132596685,0.7320441988950276,0.7403314917127072,0.7265193370165746,0.7099447513812155,0.7486187845303868,0.7237569060773481,0.7265193370165746,0.7320441988950276,0.712707182320442,0.7044198895027625,0.7348066298342542,0.7348066298342542,0.7154696132596685,0.7209944751381215,0.7486187845303868,0.712707182320442,0.712707182320442,0.7569060773480663,0.7596685082872928,0.7265193370165746,0.7099447513812155,0.712707182320442,0.7320441988950276
EthanolLevel,0.724,0.848,0.852,0.86,0.888,0.876,0.854,0.856,0.862,0.84,0.872,0.88,0.848,0.888,0.836,0.88,0.876,0.858,0.872,0.85,0.856,0.884,0.858,0.884,0.878,0.884,0.864,0.874,0.878,0.864
FaceAll,0.7461538461538462,0.9674556213017751,0.9573964497041421,0.9573964497041421,0.9644970414201184,0.9532544378698224,0.9656804733727811,0.9467455621301775,0.9727810650887574,0.9710059171597634,0.9633136094674556,0.9532544378698224,0.9591715976331361,0.9544378698224852,0.9656804733727811,0.9627218934911242,0.9668639053254438,0.9603550295857988,0.9627218934911242,0.9650887573964497,0.9585798816568047,0.9579881656804734,0.9615384615384616,0.9538461538461539,0.9710059171597634,0.9349112426035503,0.9573964497041421,0.9609467455621302,0.9556213017751479,0.9686390532544379
FaceFour,0.7386363636363636,0.75,0.8409090909090909,0.8636363636363636,0.7954545454545454,0.7613636363636364,0.7840909090909091,0.7954545454545454,0.7045454545454546,0.7159090909090909,0.6818181818181818,0.875,0.7613636363636364,0.7727272727272727,0.7045454545454546,0.8068181818181818,0.8068181818181818,0.7045454545454546,0.8409090909090909,0.7613636363636364,0.7954545454545454,0.7159090909090909,0.8181818181818182,0.7159090909090909,0.7159090909090909,0.8636363636363636,0.7045454545454546,0.7613636363636364,0.6818181818181818,0.7045454545454546
FacesUCR,0.9131707317073171,0.884390243902439,0.9107317073170732,0.9170731707317074,0.8941463414634147,0.9014634146341464,0.9185365853658537,0.8917073170731707,0.9131707317073171,0.8765853658536585,0.9170731707317074,0.8960975609756098,0.8902439024390244,0.9234146341463415,0.9175609756097561,0.9058536585365854,0.8990243902439025,0.8995121951219512,0.9297560975609757,0.9121951219512195,0.9292682926829269,0.9214634146341464,0.9248780487804878,0.9297560975609757,0.9180487804878049,0.9029268292682927,0.926829268292683,0.9151219512195122,0.9078048780487805,0.9253658536585366
FiftyWords,0.7494505494505495,0.7230769230769231,0.6989010989010989,0.7516483516483516,0.7450549450549451,0.7582417582417582,0.7472527472527473,0.7516483516483516,0.7604395604395604,0.7384615384615385,0.7450549450549451,0.7736263736263737,0.7406593406593407,0.7648351648351648,0.7362637362637363,0.7318681318681318,0.7142857142857143,0.7384615384615385,0.7736263736263737,0.7538461538461538,0.7604395604395604,0.7384615384615385,0.7516483516483516,0.7472527472527473,0.7406593406593407,0.7582417582417582,0.7582417582417582,0.778021978021978,0.7428571428571429,0.7494505494505495
Fish,0.9314285714285714,0.92,0.9542857142857143,0.9257142857142857,0.92,0.8628571428571429,0.9085714285714286,0.8857142857142857,0.9142857142857143,0.9142857142857143,0.8971428571428571,0.88,0.8971428571428571,0.9142857142857143,0.8857142857142857,0.9257142857142857,0.8857142857142857,0.9314285714285714,0.8971428571428571,0.9142857142857143,0.9142857142857143,0.8914285714285715,0.9428571428571428,0.9142857142857143,0.92,0.9085714285714286,0.9257142857142857,0.88,0.8971428571428571,0.8914285714285715
FordA,0.9295454545454546,0.9234848484848485,0.931060606060606,0.9295454545454546,0.9333333333333333,0.9401515151515152,0.9257575757575758,0.9333333333333333,0.928030303030303,0.9515151515151515,0.9348484848484848,0.9363636363636364,0.9454545454545454,0.928030303030303,0.9378787878787879,0.9401515151515152,0.921969696969697,0.9371212121212121,0.9378787878787879,0.943939393939394,0.9287878787878788,0.9424242424242424,0.931060606060606,0.9393939393939394,0.9325757575757576,0.9257575757575758,0.9234848484848485,0.9371212121212121,0.9371212121212121,0.9356060606060606
FordB,0.8135802469135802,0.9012345679012346,0.9320987654320988,0.9222222222222223,0.9185185185185185,0.9209876543209876,0.9197530864197531,0.9419753086419753,0.9111111111111111,0.9320987654320988,0.9185185185185185,0.9320987654320988,0.9234567901234568,0.9135802469135802,0.9209876543209876,0.9246913580246914,0.9246913580246914,0.908641975308642,0.9296296296296296,0.9222222222222223,0.9197530864197531,0.9296296296296296,0.9098765432098765,0.9234567901234568,0.9222222222222223,0.9308641975308642,0.9246913580246914,0.9148148148148149,0.9358024691358025,0.9148148148148149
FreezerRegularTrain,0.9992982456140351,0.9985964912280701,0.9992982456140351,0.9985964912280701,0.9982456140350877,0.9992982456140351,0.9992982456140351,0.9989473684210526,1.0,0.9992982456140351,0.9992982456140351,0.9989473684210526,0.9989473684210526,0.9992982456140351,0.9992982456140351,0.9992982456140351,0.9992982456140351,1.0,0.9996491228070176,0.9989473684210526,0.9992982456140351,1.0,0.9992982456140351,0.9985964912280701,0.9992982456140351,1.0,0.9992982456140351,1.0,1.0,0.9978947368421053
FreezerSmallTrain,0.9978947368421053,0.996140350877193,0.9901754385964913,0.9968421052631579,0.9856140350877193,1.0,0.9954385964912281,0.9989473684210526,0.9943859649122807,0.9950877192982456,0.9982456140350877,0.9954385964912281,0.992280701754386,0.9940350877192983,0.9936842105263158,0.9982456140350877,0.9782456140350877,0.9971929824561403,0.9996491228070176,0.8326315789473684,0.996140350877193,0.9996491228070176,0.9947368421052631,0.9989473684210526,0.9940350877192983,0.9971929824561403,0.9940350877192983,0.9740350877192983,0.9957894736842106,0.9971929824561403
GunPoint,0.9933333333333333,0.9866666666666667,1.0,0.9933333333333333,0.9933333333333333,0.9733333333333334,0.9866666666666667,0.9933333333333333,0.9666666666666667,0.9933333333333333,0.9666666666666667,0.9933333333333333,0.9933333333333333,0.98,0.9933333333333333,0.96,0.9933333333333333,1.0,0.9866666666666667,1.0,0.98,0.9733333333333334,0.9866666666666667,0.9933333333333333,0.9933333333333333,1.0,0.9866666666666667,0.9933333333333333,0.9933333333333333,0.9133333333333333
GunPointAgeSpan,0.9810126582278481,0.9462025316455697,0.9715189873417721,0.9873417721518988,0.9873417721518988,0.9556962025316456,0.9082278481012658,0.9715189873417721,0.9778481012658228,0.9430379746835443,0.9367088607594937,0.9588607594936709,0.9810126582278481,0.9683544303797469,0.930379746835443,0.939873417721519,0.939873417721519,0.990506329113924,0.9936708860759493,0.9873417721518988,0.9746835443037974,0.9778481012658228,0.9715189873417721,0.9746835443037974,0.9715189873417721,0.9873417721518988,0.9715189873417721,0.9746835443037974,0.9841772151898734,0.9810126582278481
GunPointMaleVersusFemale,0.9746835443037974,0.9968354430379747,0.9683544303797469,0.9968354430379747,0.9778481012658228,0.9651898734177216,0.990506329113924,1.0,0.9651898734177216,0.9936708860759493,0.9936708860759493,0.9810126582278481,0.990506329113924,0.9873417721518988,0.9936708860759493,0.9873417721518988,0.9968354430379747,0.9968354430379747,0.9968354430379747,0.9936708860759493,0.9620253164556962,0.9968354430379747,0.9841772151898734,0.990506329113924,0.9683544303797469,0.9968354430379747,0.9936708860759493,1.0,0.990506329113924,0.9968354430379747
GunPointOldVersusYoung,0.9682539682539683,0.9936507936507937,0.9777777777777777,0.9873015873015873,0.9714285714285714,0.9777777777777777,0.9746031746031746,0.9904761904761905,0.9873015873015873,0.9650793650793651,0.9746031746031746,0.9714285714285714,0.9714285714285714,0.9841269841269841,0.9841269841269841,0.9809523809523809,0.9650793650793651,0.9714285714285714,0.9682539682539683,0.9873015873015873,0.9809523809523809,0.9904761904761905,0.9873015873015873,0.9650793650793651,0.9841269841269841,0.9523809523809523,0.9873015873015873,0.9841269841269841,0.9904761904761905,0.9809523809523809
Ham,0.7523809523809524,0.780952380952381,0.8285714285714286,0.7714285714285715,0.7619047619047619,0.8857142857142857,0.8380952380952381,0.8095238095238095,0.8571428571428571,0.8476190476190476,0.7523809523809524,0.7904761904761904,0.8,0.8666666666666667,0.8095238095238095,0.8095238095238095,0.8,0.8380952380952381,0.8285714285714286,0.8285714285714286,0.8285714285714286,0.7904761904761904,0.8285714285714286,0.7619047619047619,0.7619047619047619,0.8857142857142857,0.8476190476190476,0.8095238095238095,0.7904761904761904,0.780952380952381
HandOutlines,0.9216216216216216,0.9297297297297298,0.9162162162162162,0.9351351351351351,0.918918918918919,0.9324324324324325,0.918918918918919,0.9405405405405406,0.927027027027027,0.918918918918919,0.9162162162162162,0.9216216216216216,0.9297297297297298,0.9243243243243243,0.9135135135135135,0.9108108108108108,0.9405405405405406,0.9054054054054054,0.9027027027027027,0.9135135135135135,0.9297297297297298,0.9351351351351351,0.9108108108108108,0.9162162162162162,0.9135135135135135,0.9243243243243243,0.9297297297297298,0.9,0.9216216216216216,0.9216216216216216
Haptics,0.538961038961039,0.525974025974026,0.5357142857142857,0.5,0.551948051948052,0.5681818181818182,0.4902597402597403,0.512987012987013,0.5714285714285714,0.512987012987013,0.5714285714285714,0.5746753246753247,0.5454545454545454,0.5162337662337663,0.5162337662337663,0.5097402597402597,0.5097402597402597,0.5227272727272727,0.5227272727272727,0.5876623376623377,0.5454545454545454,0.4902597402597403,0.4902597402597403,0.5422077922077922,0.5064935064935064,0.5584415584415584,0.551948051948052,0.5324675324675324,0.5487012987012987,0.5357142857142857
Herring,0.671875,0.671875,0.625,0.609375,0.71875,0.671875,0.640625,0.625,0.640625,0.65625,0.640625,0.59375,0.609375,0.65625,0.578125,0.65625,0.703125,0.59375,0.609375,0.65625,0.640625,0.671875,0.609375,0.625,0.671875,0.703125,0.671875,0.6875,0.609375,0.609375
HouseTwenty,0.9831932773109243,0.9747899159663865,0.9747899159663865,0.9915966386554622,0.9747899159663865,0.9831932773109243,0.9747899159663865,0.9831932773109243,0.9747899159663865,0.9663865546218487,0.9495798319327731,0.9915966386554622,0.9663865546218487,0.9831932773109243,0.9915966386554622,0.9663865546218487,0.9747899159663865,0.9915966386554622,0.9663865546218487,0.9495798319327731,0.9747899159663865,0.9915966386554622,0.9747899159663865,0.9747899159663865,1.0,0.9663865546218487,0.9747899159663865,0.9411764705882353,0.9831932773109243,0.9831932773109243
InlineSkate,0.43636363636363634,0.4527272727272727,0.44,0.49636363636363634,0.46,0.4381818181818182,0.48,0.43636363636363634,0.45636363636363636,0.4509090909090909,0.49272727272727274,0.44727272727272727,0.42727272727272725,0.4636363636363636,0.4,0.42727272727272725,0.4581818181818182,0.44,0.4709090909090909,0.43272727272727274,0.4509090909090909,0.4618181818181818,0.4818181818181818,0.4709090909090909,0.4254545454545455,0.4890909090909091,0.4618181818181818,0.4636363636363636,0.4727272727272727,0.49272727272727274
InsectEPGRegularTrain,0.9959839357429718,0.963855421686747,0.9839357429718876,0.9678714859437751,1.0,0.9879518072289156,0.9919678714859438,1.0,1.0,0.9959839357429718,0.9879518072289156,0.9598393574297188,0.9959839357429718,0.9959839357429718,0.9799196787148594,1.0,0.9959839357429718,0.9959839357429718,0.9959839357429718,0.9959839357429718,0.9759036144578314,0.9558232931726908,0.9799196787148594,0.9919678714859438,0.9919678714859438,0.9879518072289156,0.9799196787148594,0.9839357429718876,0.9799196787148594,0.9759036144578314
InsectEPGSmallTrain,0.9799196787148594,0.9678714859437751,0.8955823293172691,0.9036144578313253,0.9518072289156626,0.9759036144578314,0.9317269076305221,0.9437751004016064,0.9196787148594378,0.9317269076305221,0.9317269076305221,0.9718875502008032,0.8835341365461847,0.9518072289156626,0.9437751004016064,0.9397590361445783,0.9518072289156626,0.9397590361445783,0.9759036144578314,0.963855421686747,0.9879518072289156,0.9839357429718876,0.9759036144578314,0.9317269076305221,0.963855421686747,0.8835341365461847,0.9518072289156626,0.9397590361445783,0.9477911646586346,0.9477911646586346
InsectWingbeatSound,0.6398989898989899,0.6393939393939394,0.6404040404040404,0.6585858585858586,0.6368686868686869,0.6343434343434343,0.6353535353535353,0.6242424242424243,0.6272727272727273,0.6166666666666667,0.6378787878787879,0.6373737373737374,0.6373737373737374,0.6363636363636364,0.645959595959596,0.6196969696969697,0.604040404040404,0.6176767676767677,0.6272727272727273,0.6075757575757575,0.6116161616161616,0.6131313131313131,0.5959595959595959,0.6666666666666666,0.646969696969697,0.6181818181818182,0.6308080808080808,0.6363636363636364,0.6297979797979798,0.6348484848484849
ItalyPowerDemand,0.9494655004859086,0.9222546161321672,0.9387755102040817,0.9630709426627794,0.9591836734693877,0.9611273080660836,0.9504373177842566,0.9630709426627794,0.9407191448007775,0.9455782312925171,0.9640427599611273,0.9572400388726919,0.956268221574344,0.9650145772594753,0.9484936831875608,0.9543245869776482,0.9368318756073858,0.967930029154519,0.9582118561710399,0.9475218658892128,0.9611273080660836,0.9533527696793003,0.9552964042759962,0.9494655004859086,0.9640427599611273,0.9620991253644315,0.9154518950437318,0.9650145772594753,0.9358600583090378,0.9611273080660836
LargeKitchenAppliances,0.824,0.9173333333333333,0.9493333333333334,0.9066666666666666,0.92,0.9013333333333333,0.9146666666666666,0.928,0.9333333333333333,0.9333333333333333,0.936,0.936,0.96,0.9173333333333333,0.9546666666666667,0.9333333333333333,0.936,0.9413333333333334,0.9413333333333334,0.9013333333333333,0.9466666666666667,0.9386666666666666,0.9413333333333334,0.9253333333333333,0.9306666666666666,0.9253333333333333,0.9146666666666666,0.9333333333333333,0.904,0.9413333333333334
Lightning2,0.6885245901639344,0.6721311475409836,0.7049180327868853,0.639344262295082,0.639344262295082,0.639344262295082,0.639344262295082,0.6557377049180327,0.639344262295082,0.5901639344262295,0.6721311475409836,0.6721311475409836,0.6885245901639344,0.639344262295082,0.639344262295082,0.6065573770491803,0.5573770491803278,0.6721311475409836,0.6721311475409836,0.6065573770491803,0.7540983606557377,0.6721311475409836,0.639344262295082,0.5409836065573771,0.6557377049180327,0.6885245901639344,0.6229508196721312,0.7049180327868853,0.6721311475409836,0.6885245901639344
Lightning7,0.7534246575342466,0.8356164383561644,0.6164383561643836,0.7397260273972602,0.7671232876712328,0.8082191780821918,0.6986301369863014,0.7534246575342466,0.7397260273972602,0.684931506849315,0.7534246575342466,0.7534246575342466,0.7671232876712328,0.7945205479452054,0.7671232876712328,0.684931506849315,0.7397260273972602,0.7671232876712328,0.8356164383561644,0.7123287671232876,0.7397260273972602,0.6986301369863014,0.7808219178082192,0.7808219178082192,0.7397260273972602,0.8082191780821918,0.7945205479452054,0.7534246575342466,0.7671232876712328,0.7397260273972602
Mallat,0.9390191897654584,0.9884861407249467,0.9339019189765458,0.9842217484008529,0.9607675906183369,0.9761194029850746,0.9420042643923241,0.9953091684434968,0.9006396588486141,0.9381663113006397,0.9782515991471216,0.886140724946695,0.9940298507462687,0.9744136460554371,0.967590618336887,0.911727078891258,0.9449893390191898,0.9526652452025587,0.9479744136460554,0.9590618336886994,0.9373134328358209,0.9492537313432836,0.9931769722814499,0.9923240938166311,0.9339019189765458,0.9914712153518124,0.9782515991471216,0.9091684434968017,0.9923240938166311,0.9825159914712154
Meat,0.9833333333333333,0.9333333333333333,1.0,0.9833333333333333,1.0,0.9666666666666667,0.9666666666666667,1.0,0.9833333333333333,0.9833333333333333,1.0,0.9333333333333333,0.9666666666666667,0.9833333333333333,0.9666666666666667,1.0,1.0,0.9833333333333333,0.9833333333333333,0.9666666666666667,1.0,1.0,1.0,0.9666666666666667,0.9666666666666667,1.0,0.95,0.9833333333333333,0.9666666666666667,0.9666666666666667
MedicalImages,0.7144736842105263,0.7171052631578947,0.7355263157894737,0.7342105263157894,0.7460526315789474,0.6776315789473685,0.7052631578947368,0.6894736842105263,0.7026315789473684,0.7407894736842106,0.725,0.7171052631578947,0.7065789473684211,0.725,0.7052631578947368,0.7157894736842105,0.7236842105263158,0.7065789473684211,0.7013157894736842,0.7315789473684211,0.7210526315789474,0.7236842105263158,0.7092105263157895,0.7210526315789474,0.7236842105263158,0.7263157894736842,0.7092105263157895,0.7460526315789474,0.7381578947368421,0.7078947368421052
MiddlePhalanxOutlineAgeGroup,0.5714285714285714,0.6753246753246753,0.6818181818181818,0.6623376623376623,0.6753246753246753,0.6558441558441559,0.6753246753246753,0.6688311688311688,0.6558441558441559,0.6103896103896104,0.6818181818181818,0.6818181818181818,0.7077922077922078,0.6753246753246753,0.6688311688311688,0.6363636363636364,0.6688311688311688,0.6623376623376623,0.7012987012987013,0.6753246753246753,0.6818181818181818,0.6883116883116883,0.7077922077922078,0.6883116883116883,0.6298701298701299,0.6948051948051948,0.6103896103896104,0.7402597402597403,0.7142857142857143,0.6948051948051948
MiddlePhalanxOutlineCorrect,0.8144329896907216,0.8144329896907216,0.8419243986254296,0.8144329896907216,0.8556701030927835,0.8591065292096219,0.8350515463917526,0.8419243986254296,0.8556701030927835,0.8213058419243986,0.8144329896907216,0.8178694158075601,0.8281786941580757,0.8384879725085911,0.8384879725085911,0.8281786941580757,0.8213058419243986,0.8281786941580757,0.845360824742268,0.8591065292096219,0.8213058419243986,0.8625429553264605,0.8316151202749141,0.8178694158075601,0.7938144329896907,0.845360824742268,0.8350515463917526,0.8316151202749141,0.8350515463917526,0.8247422680412371
MiddlePhalanxTW,0.5974025974025974,0.564935064935065,0.538961038961039,0.6168831168831169,0.5714285714285714,0.6103896103896104,0.6103896103896104,0.6363636363636364,0.4935064935064935,0.5844155844155844,0.5584415584415584,0.5324675324675324,0.6038961038961039,0.5584415584415584,0.5844155844155844,0.525974025974026,0.551948051948052,0.551948051948052,0.577922077922078,0.6103896103896104,0.5974025974025974,0.538961038961039,0.538961038961039,0.5454545454545454,0.5974025974025974,0.5844155844155844,0.5844155844155844,0.577922077922078,0.6103896103896104,0.564935064935065
MixedShapesRegularTrain,0.96,0.9418556701030928,0.9538144329896907,0.9542268041237113,0.9525773195876288,0.9558762886597938,0.9484536082474226,0.9579381443298969,0.9558762886597938,0.9389690721649484,0.9501030927835051,0.9468041237113402,0.9571134020618557,0.9509278350515464,0.9591752577319588,0.9628865979381444,0.96,0.9583505154639175,0.9562886597938144,0.954639175257732,0.9575257731958763,0.9562886597938144,0.9571134020618557,0.9430927835051547,0.9550515463917526,0.9558762886597938,0.9496907216494845,0.9657731958762886,0.9608247422680413,0.963298969072165
MixedShapesSmallTrain,0.9385567010309278,0.9447422680412371,0.9294845360824743,0.9397938144329897,0.9245360824742268,0.9509278350515464,0.9393814432989691,0.9315463917525774,0.9451546391752578,0.9397938144329897,0.9282474226804124,0.9323711340206186,0.917938144329897,0.9352577319587629,0.8853608247422681,0.8944329896907216,0.9224742268041237,0.9191752577319587,0.9105154639175258,0.9492783505154639,0.9521649484536082,0.9455670103092784,0.9278350515463918,0.9443298969072165,0.937319587628866,0.9171134020618557,0.9402061855670103,0.9134020618556701,0.9327835051546391,0.937319587628866
MoteStrain,0.944888178913738,0.9017571884984026,0.9113418530351438,0.9193290734824281,0.8761980830670927,0.8498402555910544,0.90814696485623,0.9424920127795527,0.9033546325878594,0.9057507987220448,0.902555910543131,0.9337060702875399,0.8881789137380192,0.9153354632587859,0.9329073482428115,0.9464856230031949,0.7971246006389776,0.865814696485623,0.8929712460063898,0.9424920127795527,0.9153354632587859,0.9416932907348243,0.90814696485623,0.896964856230032,0.9289137380191693,0.9281150159744409,0.9257188498402555,0.8945686900958466,0.9217252396166135,0.9249201277955271
NonInvasiveFetalECGThorax1,0.9358778625954198,0.9312977099236641,0.9297709923664123,0.9379134860050891,0.9409669211195929,0.9368956743002544,0.9455470737913486,0.9338422391857506,0.9312977099236641,0.9282442748091603,0.9206106870229007,0.9323155216284987,0.9358778625954198,0.9389312977099237,0.9292620865139949,0.9353689567430026,0.9368956743002544,0.926208651399491,0.9318066157760814,0.9379134860050891,0.9292620865139949,0.934351145038168,0.926208651399491,0.9440203562340967,0.9267175572519084,0.9323155216284987,0.9282442748091603,0.9307888040712469,0.932824427480916,0.9368956743002544
NonInvasiveFetalECGThorax2,0.9470737913486005,0.9470737913486005,0.9521628498727736,0.9511450381679389,0.9486005089058525,0.9486005089058525,0.9587786259541985,0.9486005089058525,0.9496183206106871,0.9460559796437659,0.9460559796437659,0.9419847328244275,0.9541984732824428,0.9552162849872774,0.9480916030534351,0.9541984732824428,0.9592875318066157,0.9470737913486005,0.9526717557251908,0.9541984732824428,0.9455470737913486,0.9460559796437659,0.9460559796437659,0.9572519083969465,0.9496183206106871,0.9486005089058525,0.9470737913486005,0.9501272264631043,0.9506361323155216,0.9501272264631043
OliveOil,0.9,0.9,0.8,0.9333333333333333,0.9,0.9,0.9,0.8333333333333334,0.8,0.9,0.8666666666666667,0.9666666666666667,0.8666666666666667,0.9,0.9666666666666667,0.8666666666666667,0.9,0.8666666666666667,0.8333333333333334,0.9333333333333333,0.9333333333333333,0.9,0.8,0.9666666666666667,0.8666666666666667,0.9333333333333333,0.9333333333333333,0.9,0.8666666666666667,0.9333333333333333
OSULeaf,0.9545454545454546,0.9793388429752066,0.9338842975206612,0.9504132231404959,0.9380165289256198,0.9256198347107438,0.9586776859504132,0.9173553719008265,0.9421487603305785,0.9421487603305785,0.9008264462809917,0.9338842975206612,0.9338842975206612,0.9090909090909091,0.9297520661157025,0.9752066115702479,0.9256198347107438,0.9380165289256198,0.9214876033057852,0.9586776859504132,0.9504132231404959,0.9628099173553719,0.9462809917355371,0.9545454545454546,0.9132231404958677,0.9214876033057852,0.9421487603305785,0.9628099173553719,0.9545454545454546,0.9090909090909091
PhalangesOutlinesCorrect,0.8263403263403264,0.8298368298368298,0.8368298368298368,0.8251748251748252,0.8286713286713286,0.8414918414918415,0.8263403263403264,0.824009324009324,0.8298368298368298,0.8543123543123543,0.8344988344988346,0.8193473193473193,0.8624708624708625,0.831002331002331,0.837995337995338,0.8484848484848485,0.837995337995338,0.8391608391608392,0.824009324009324,0.817016317016317,0.8344988344988346,0.8275058275058275,0.8275058275058275,0.8403263403263403,0.8298368298368298,0.8426573426573427,0.8076923076923077,0.8368298368298368,0.8333333333333334,0.8473193473193473
Phoneme,0.3528481012658228,0.3280590717299578,0.35232067510548526,0.31962025316455694,0.3491561181434599,0.33438818565400846,0.35654008438818563,0.34651898734177217,0.36656118143459915,0.38449367088607594,0.33438818565400846,0.3618143459915612,0.3449367088607595,0.3792194092827004,0.354957805907173,0.3512658227848101,0.37341772151898733,0.34229957805907174,0.36656118143459915,0.35232067510548526,0.34177215189873417,0.3649789029535865,0.34177215189873417,0.3459915611814346,0.35548523206751054,0.35337552742616035,0.354957805907173,0.3681434599156118,0.36550632911392406,0.3639240506329114
PigAirwayPressure,0.9663461538461539,0.9663461538461539,0.9567307692307693,0.9711538461538461,0.9615384615384616,0.9855769230769231,0.9663461538461539,0.9807692307692307,0.9807692307692307,0.9615384615384616,0.9663461538461539,0.9759615384615384,0.9807692307692307,0.9615384615384616,0.9711538461538461,0.9615384615384616,0.9759615384615384,0.9759615384615384,0.9711538461538461,0.9711538461538461,0.9807692307692307,0.9711538461538461,0.9663461538461539,0.9807692307692307,0.9759615384615384,0.9759615384615384,0.9711538461538461,0.9567307692307693,0.9663461538461539,0.9567307692307693
PigArtPressure,0.9807692307692307,0.8990384615384616,0.8894230769230769,0.9134615384615384,0.9230769230769231,0.9567307692307693,0.9326923076923077,0.9134615384615384,0.9375,0.8942307692307693,0.9038461538461539,0.875,0.9375,0.9326923076923077,0.9230769230769231,0.9519230769230769,0.8990384615384616,0.9711538461538461,0.9038461538461539,0.9134615384615384,0.9230769230769231,0.9375,0.9182692307692307,0.9134615384615384,0.9375,0.9375,0.9134615384615384,0.9711538461538461,0.9375,0.9182692307692307
PigCVP,0.9423076923076923,0.8701923076923077,0.8846153846153846,0.8317307692307693,0.8990384615384616,0.8846153846153846,0.8605769230769231,0.9230769230769231,0.9134615384615384,0.8990384615384616,0.8846153846153846,0.8653846153846154,0.9278846153846154,0.875,0.8846153846153846,0.8846153846153846,0.8557692307692307,0.9134615384615384,0.8990384615384616,0.8461538461538461,0.9134615384615384,0.8605769230769231,0.9182692307692307,0.8990384615384616,0.9038461538461539,0.8653846153846154,0.8557692307692307,0.8653846153846154,0.9230769230769231,0.8846153846153846
Plane,1.0,1.0,1.0,1.0,1.0,1.0,1.0,1.0,1.0,1.0,1.0,1.0,1.0,1.0,1.0,1.0,1.0,1.0,1.0,1.0,1.0,1.0,1.0,1.0,1.0,1.0,1.0,1.0,1.0,1.0
PowerCons,0.9611111111111111,0.8888888888888888,0.9555555555555556,0.9277777777777778,0.95,0.9222222222222223,0.9277777777777778,0.9388888888888889,0.95,0.9277777777777778,0.9166666666666666,0.9333333333333333,0.9722222222222222,0.95,0.9166666666666666,0.9722222222222222,0.9277777777777778,0.9222222222222223,0.9277777777777778,0.9555555555555556,0.9444444444444444,0.9722222222222222,0.9555555555555556,0.9277777777777778,0.9111111111111111,0.9333333333333333,0.9722222222222222,0.9833333333333333,0.9444444444444444,0.9277777777777778
ProximalPhalanxOutlineAgeGroup,0.8536585365853658,0.8390243902439024,0.8195121951219512,0.8341463414634146,0.848780487804878,0.8536585365853658,0.8682926829268293,0.8097560975609757,0.8585365853658536,0.8292682926829268,0.8536585365853658,0.8634146341463415,0.8682926829268293,0.824390243902439,0.8780487804878049,0.8390243902439024,0.848780487804878,0.8146341463414634,0.8731707317073171,0.8731707317073171,0.8731707317073171,0.8341463414634146,0.8390243902439024,0.8292682926829268,0.8780487804878049,0.8634146341463415,0.7951219512195122,0.8585365853658536,0.8439024390243902,0.8341463414634146
ProximalPhalanxOutlineCorrect,0.9072164948453608,0.8865979381443299,0.8934707903780069,0.8969072164948454,0.8797250859106529,0.9037800687285223,0.8591065292096219,0.8900343642611683,0.8831615120274914,0.8969072164948454,0.9037800687285223,0.9037800687285223,0.8969072164948454,0.8900343642611683,0.8865979381443299,0.9003436426116839,0.8762886597938144,0.9106529209621993,0.8934707903780069,0.8797250859106529,0.9037800687285223,0.8934707903780069,0.8900343642611683,0.8556701030927835,0.8934707903780069,0.8831615120274914,0.9037800687285223,0.9037800687285223,0.8969072164948454,0.8865979381443299
ProximalPhalanxTW,0.8,0.8439024390243902,0.8,0.8048780487804879,0.7951219512195122,0.8146341463414634,0.8,0.7804878048780488,0.7951219512195122,0.8195121951219512,0.8195121951219512,0.824390243902439,0.7951219512195122,0.8390243902439024,0.8048780487804879,0.8097560975609757,0.824390243902439,0.7853658536585366,0.8292682926829268,0.8390243902439024,0.8341463414634146,0.7902439024390244,0.8048780487804879,0.7707317073170732,0.7902439024390244,0.7658536585365854,0.824390243902439,0.824390243902439,0.8097560975609757,0.8
RefrigerationDevices,0.5386666666666666,0.768,0.8133333333333334,0.7706666666666667,0.7173333333333334,0.752,0.7893333333333333,0.7786666666666666,0.752,0.8053333333333333,0.8053333333333333,0.7653333333333333,0.7653333333333333,0.7493333333333333,0.8053333333333333,0.7786666666666666,0.8053333333333333,0.7706666666666667,0.7813333333333333,0.72,0.768,0.8,0.7493333333333333,0.7546666666666667,0.8053333333333333,0.8,0.8026666666666666,0.776,0.7706666666666667,0.7946666666666666
Rock,0.96,0.8,0.84,0.84,0.76,0.92,0.82,0.82,0.9,0.86,0.84,0.86,0.86,0.62,0.74,0.86,0.82,0.8,0.94,0.86,0.8,0.88,0.86,0.88,0.9,0.8,0.78,0.88,0.78,0.78
ScreenType,0.6293333333333333,0.736,0.7226666666666667,0.7333333333333333,0.712,0.7386666666666667,0.6906666666666667,0.7013333333333334,0.704,0.728,0.7386666666666667,0.7466666666666667,0.7386666666666667,0.6826666666666666,0.7306666666666667,0.672,0.6773333333333333,0.6746666666666666,0.6693333333333333,0.728,0.68,0.7066666666666667,0.712,0.7066666666666667,0.704,0.7306666666666667,0.68,0.696,0.704,0.688
SemgHandGenderCh2,0.9366666666666666,0.9233333333333333,0.9166666666666666,0.9333333333333333,0.9416666666666667,0.92,0.9216666666666666,0.9383333333333334,0.9283333333333333,0.94,0.9366666666666666,0.9333333333333333,0.9083333333333333,0.9533333333333334,0.9283333333333333,0.9433333333333334,0.955,0.9366666666666666,0.945,0.9083333333333333,0.9233333333333333,0.9216666666666666,0.93,0.925,0.9233333333333333,0.9383333333333334,0.9366666666666666,0.9166666666666666,0.92,0.9233333333333333
SemgHandMovementCh2,0.7866666666666666,0.8044444444444444,0.8088888888888889,0.7866666666666666,0.8155555555555556,0.8,0.8155555555555556,0.8155555555555556,0.7933333333333333,0.8044444444444444,0.7955555555555556,0.8066666666666666,0.8155555555555556,0.8066666666666666,0.8022222222222222,0.7888888888888889,0.8422222222222222,0.8155555555555556,0.8066666666666666,0.8155555555555556,0.7888888888888889,0.8088888888888889,0.8088888888888889,0.8266666666666667,0.8133333333333334,0.8044444444444444,0.8111111111111111,0.7777777777777778,0.8311111111111111,0.7888888888888889
SemgHandSubjectCh2,0.9,0.9288888888888889,0.9288888888888889,0.9333333333333333,0.8888888888888888,0.9133333333333333,0.9355555555555556,0.9311111111111111,0.9377777777777778,0.9133333333333333,0.9488888888888889,0.92,0.9111111111111111,0.8977777777777778,0.9088888888888889,0.92,0.9133333333333333,0.8977777777777778,0.9311111111111111,0.9311111111111111,0.9044444444444445,0.8777777777777778,0.9288888888888889,0.9111111111111111,0.9088888888888889,0.92,0.9155555555555556,0.9133333333333333,0.9222222222222223,0.8933333333333333
ShapeletSim,1.0,1.0,1.0,1.0,1.0,1.0,1.0,1.0,1.0,1.0,1.0,1.0,1.0,1.0,1.0,1.0,1.0,1.0,1.0,1.0,1.0,1.0,1.0,1.0,1.0,1.0,1.0,1.0,1.0,1.0
ShapesAll,0.83,0.8283333333333334,0.82,0.8383333333333334,0.8283333333333334,0.865,0.8033333333333333,0.83,0.8483333333333334,0.83,0.845,0.8366666666666667,0.8316666666666667,0.8466666666666667,0.8383333333333334,0.8383333333333334,0.84,0.8216666666666667,0.8483333333333334,0.8166666666666667,0.8466666666666667,0.8366666666666667,0.835,0.835,0.8333333333333334,0.8466666666666667,0.8433333333333334,0.8583333333333333,0.8283333333333334,0.8666666666666667
SmallKitchenAppliances,0.8133333333333334,0.7786666666666666,0.808,0.8026666666666666,0.8053333333333333,0.856,0.84,0.7946666666666666,0.8133333333333334,0.8106666666666666,0.8346666666666667,0.848,0.8133333333333334,0.816,0.8346666666666667,0.792,0.7866666666666666,0.816,0.7946666666666666,0.7626666666666667,0.7786666666666666,0.8106666666666666,0.8346666666666667,0.8266666666666667,0.7893333333333333,0.8053333333333333,0.824,0.7893333333333333,0.7866666666666666,0.8293333333333334
SmoothSubspace,0.9266666666666666,0.9333333333333333,0.9466666666666667,0.8866666666666667,0.9333333333333333,0.96,0.9466666666666667,0.9133333333333333,0.9533333333333334,0.92,0.9533333333333334,0.94,0.94,0.9133333333333333,0.9266666666666666,0.94,0.94,0.9266666666666666,0.96,0.9333333333333333,0.9133333333333333,0.9066666666666666,0.96,0.94,0.9733333333333334,0.9066666666666666,0.94,0.9066666666666666,0.92,0.9466666666666667
SonyAIBORobotSurface1,0.7903494176372712,0.8186356073211315,0.908485856905158,0.6905158069883528,0.8136439267886856,0.8369384359400999,0.9317803660565723,0.7637271214642263,0.8352745424292846,0.9101497504159733,0.7587354409317804,0.8602329450915142,0.8069883527454242,0.8868552412645591,0.9367720465890182,0.9184692179700499,0.8519134775374376,0.7770382695507487,0.8752079866888519,0.5357737104825291,0.7637271214642263,0.8519134775374376,0.8668885191347754,0.9034941763727121,0.7920133111480865,0.848585690515807,0.8718801996672213,0.8302828618968386,0.8652246256239601,0.7953410981697171
SonyAIBORobotSurface2,0.9433368310598111,0.9244491080797481,0.9527806925498427,0.9422875131164743,0.9338929695697796,0.9433368310598111,0.9548793284365162,0.9307450157397692,0.9485834207764953,0.9349422875131165,0.9412381951731374,0.944386149003148,0.9632738719832109,0.9244491080797481,0.9464847848898216,0.9328436516264428,0.9496327387198321,0.9391395592864638,0.9496327387198321,0.919202518363064,0.9108079748163693,0.9496327387198321,0.9265477439664218,0.9055613850996852,0.9580272822665268,0.950682056663169,0.9475341028331584,0.9338929695697796,0.9517313746065058,0.9160545645330536
StarLightCurves,0.975230694511899,0.9758377853326857,0.978630403108305,0.9754735308402137,0.9783875667799903,0.9745021855269548,0.9771733851384167,0.9740165128703254,0.9754735308402137,0.9797231665857212,0.9774162214667315,0.9745021855269548,0.9785089849441476,0.9766877124817873,0.9805730937348227,0.9774162214667315,0.9774162214667315,0.976930548810102,0.9753521126760564,0.975230694511899,0.9762020398251579,0.9782661486158329,0.9762020398251579,0.9768091306459447,0.9751092763477416,0.9770519669742593,0.9751092763477416,0.9728023312287518,0.9777804759592035,0.975230694511899
Strawberry,0.9621621621621622,0.9648648648648649,0.9783783783783784,0.9702702702702702,0.9675675675675676,0.981081081081081,0.9783783783783784,0.9567567567567568,0.972972972972973,0.9837837837837838,0.981081081081081,0.9621621621621622,0.9702702702702702,0.9756756756756757,0.9675675675675676,0.9837837837837838,0.9648648648648649,0.9756756756756757,0.9837837837837838,0.9783783783783784,0.9783783783783784,0.9783783783783784,0.9837837837837838,0.9756756756756757,0.9702702702702702,0.9594594594594594,0.9702702702702702,0.9594594594594594,0.9756756756756757,0.9783783783783784
SwedishLeaf,0.9344,0.9312,0.9296,0.9264,0.9296,0.928,0.9168,0.928,0.9392,0.9328,0.9088,0.9184,0.9344,0.9392,0.9328,0.944,0.936,0.9296,0.9216,0.936,0.9264,0.9392,0.9312,0.9312,0.9424,0.9328,0.9456,0.9264,0.9424,0.944
Symbols,0.9658291457286432,0.942713567839196,0.9266331658291457,0.9125628140703518,0.949748743718593,0.9366834170854271,0.9115577889447236,0.9517587939698492,0.9236180904522613,0.9517587939698492,0.9547738693467337,0.9266331658291457,0.8884422110552764,0.9256281407035176,0.9336683417085427,0.9035175879396985,0.9206030150753769,0.9195979899497487,0.928643216080402,0.8683417085427135,0.9678391959798995,0.9246231155778895,0.9276381909547738,0.9577889447236181,0.9457286432160804,0.8984924623115578,0.935678391959799,0.8964824120603015,0.9236180904522613,0.9527638190954774
SyntheticControl,0.9933333333333333,0.9866666666666667,0.9866666666666667,1.0,0.9933333333333333,1.0,0.9866666666666667,0.99,0.9833333333333333,0.98,0.9966666666666667,0.9933333333333333,0.9966666666666667,0.9933333333333333,0.9933333333333333,1.0,0.99,0.9866666666666667,0.9933333333333333,0.9866666666666667,0.9833333333333333,0.9933333333333333,0.99,0.9933333333333333,0.9933333333333333,0.98,1.0,0.99,0.99,0.9933333333333333
ToeSegmentation1,0.9605263157894737,0.9473684210526315,0.9649122807017544,0.9342105263157895,0.9342105263157895,0.9429824561403509,0.9605263157894737,0.9429824561403509,0.9517543859649122,0.9517543859649122,0.9254385964912281,0.9166666666666666,0.9605263157894737,0.9605263157894737,0.956140350877193,0.9692982456140351,0.9649122807017544,0.9473684210526315,0.9517543859649122,0.9166666666666666,0.956140350877193,0.9517543859649122,0.9473684210526315,0.9692982456140351,0.9692982456140351,0.9517543859649122,0.9210526315789473,0.9429824561403509,0.9692982456140351,0.9429824561403509
ToeSegmentation2,0.9461538461538461,0.9538461538461539,0.9230769230769231,0.9538461538461539,0.9384615384615385,0.9230769230769231,0.9230769230769231,0.9307692307692308,0.9,0.9230769230769231,0.9384615384615385,0.9307692307692308,0.9230769230769231,0.9307692307692308,0.9076923076923077,0.9692307692307692,0.9538461538461539,0.9153846153846154,0.9307692307692308,0.9461538461538461,0.9615384615384616,0.9230769230769231,0.9230769230769231,0.9153846153846154,0.9153846153846154,0.9,0.9384615384615385,0.9615384615384616,0.9307692307692308,0.8615384615384616
Trace,1.0,1.0,1.0,1.0,1.0,1.0,1.0,1.0,1.0,1.0,1.0,1.0,1.0,1.0,1.0,1.0,1.0,1.0,1.0,1.0,1.0,1.0,1.0,1.0,1.0,1.0,1.0,1.0,1.0,1.0
TwoLeadECG,1.0,1.0,0.9991220368744512,1.0,0.9982440737489026,1.0,1.0,0.9991220368744512,1.0,1.0,0.9929762949956101,1.0,1.0,1.0,1.0,0.9991220368744512,1.0,0.9991220368744512,1.0,1.0,0.9991220368744512,1.0,1.0,1.0,0.9920983318700615,0.9964881474978051,1.0,1.0,0.9982440737489026,0.9982440737489026
TwoPatterns,0.981,0.98775,0.99425,0.98825,0.98825,0.982,0.99025,0.99,0.9935,0.98625,0.9915,0.99075,0.9905,0.99425,0.98975,0.99125,0.982,0.98925,0.99475,0.98725,0.99025,0.9895,0.9805,0.99575,0.99075,0.9865,0.99425,0.99,0.9965,0.992
UMD,0.9375,0.8958333333333334,0.8819444444444444,0.9375,0.9027777777777778,0.8888888888888888,0.9444444444444444,0.9236111111111112,0.9513888888888888,0.9166666666666666,0.9513888888888888,0.9236111111111112,0.9444444444444444,0.9444444444444444,0.9444444444444444,1.0,0.9166666666666666,0.9791666666666666,0.9722222222222222,0.9305555555555556,0.9652777777777778,0.9444444444444444,0.9375,0.9583333333333334,0.9027777777777778,0.9166666666666666,0.9166666666666666,0.9236111111111112,0.9444444444444444,0.9652777777777778
UWaveGestureLibraryAll,0.9558905639307649,0.9586823003908431,0.9575656058068118,0.9553322166387493,0.9528196538246789,0.9539363484087102,0.9567280848687884,0.9503070910106086,0.9503070910106086,0.9544946957007259,0.9553322166387493,0.9539363484087102,0.949748743718593,0.9600781686208822,0.9519821328866555,0.9586823003908431,0.957286432160804,0.9606365159128978,0.958961474036851,0.9567280848687884,0.9558905639307649,0.9519821328866555,0.9592406476828588,0.9503070910106086,0.9558905639307649,0.9561697375767727,0.9628699050809604,0.9517029592406476,0.9514237855946399,0.9536571747627024
UWaveGestureLibraryX,0.8065326633165829,0.8006700167504187,0.8129536571747628,0.8051367950865438,0.8269123394751535,0.8168620882188722,0.8062534896705751,0.8112786152987158,0.8132328308207705,0.8221663874930206,0.8112786152987158,0.8026242322724735,0.8045784477945283,0.8176996091568955,0.8135120044667783,0.8087660524846455,0.8135120044667783,0.807928531546622,0.8129536571747628,0.8174204355108877,0.8207705192629816,0.8140703517587939,0.8188163037409268,0.7964824120603015,0.8154662199888331,0.8132328308207705,0.8165829145728644,0.8227247347850363,0.8230039084310441,0.8129536571747628
UWaveGestureLibraryY,0.711892797319933,0.708821887213847,0.7035175879396985,0.7082635399218313,0.7132886655499721,0.7155220547180347,0.7158012283640425,0.7238972640982692,0.7124511446119486,0.7208263539921831,0.7294807370184254,0.7269681742043551,0.7099385817978783,0.7099385817978783,0.725572305974316,0.7185929648241206,0.7110552763819096,0.7197096594081519,0.72250139586823,0.7227805695142379,0.7188721384701284,0.718034617532105,0.7171970965940815,0.7205471803461754,0.7227805695142379,0.7060301507537688,0.7141261864879955,0.7110552763819096,0.7197096594081519,0.7208263539921831
UWaveGestureLibraryZ,0.7629815745393634,0.7479061976549414,0.7741485203796762,0.7599106644332775,0.7710776102735901,0.7554438860971524,0.7707984366275824,0.756002233389168,0.7677275265214963,0.7565605806811837,0.7582356225572306,0.7713567839195979,0.7529313232830821,0.7587939698492462,0.7643774427694026,0.7629815745393634,0.7640982691233947,0.7599106644332775,0.760748185371301,0.7629815745393634,0.7702400893355668,0.7565605806811837,0.7671691792294807,0.7635399218313791,0.7716359575656058,0.7621440536013401,0.765214963707426,0.7554438860971524,0.7674483528754885,0.7554438860971524
Wafer,1.0,0.9993510707332901,0.9993510707332901,0.9993510707332901,1.0,0.9993510707332901,1.0,0.9993510707332901,1.0,0.9993510707332901,0.9993510707332901,0.9993510707332901,1.0,1.0,0.9993510707332901,0.9993510707332901,0.9993510707332901,0.9993510707332901,0.9993510707332901,1.0,1.0,1.0,1.0,1.0,0.9993510707332901,0.9993510707332901,1.0,1.0,0.9993510707332901,0.9993510707332901
Wine,0.7037037037037037,0.8703703703703703,0.9259259259259259,0.8703703703703703,0.8888888888888888,0.9074074074074074,0.8888888888888888,0.8518518518518519,0.8333333333333334,0.8518518518518519,0.9259259259259259,0.8148148148148148,0.7962962962962963,0.8888888888888888,0.9074074074074074,0.9259259259259259,0.8703703703703703,0.9444444444444444,0.9814814814814815,0.8888888888888888,0.9074074074074074,0.7962962962962963,0.8888888888888888,0.8888888888888888,0.9444444444444444,0.9259259259259259,0.9629629629629629,0.8518518518518519,0.9259259259259259,0.7592592592592593
WordSynonyms,0.6598746081504702,0.6520376175548589,0.6739811912225705,0.6614420062695925,0.6489028213166145,0.6442006269592476,0.6144200626959248,0.64576802507837,0.6598746081504702,0.664576802507837,0.64576802507837,0.6567398119122257,0.6849529780564263,0.6692789968652038,0.6347962382445141,0.6504702194357367,0.6379310344827587,0.6630094043887147,0.64576802507837,0.6520376175548589,0.6630094043887147,0.6927899686520376,0.6363636363636364,0.6363636363636364,0.6567398119122257,0.6692789968652038,0.6739811912225705,0.658307210031348,0.6567398119122257,0.658307210031348
Worms,0.7272727272727273,0.6623376623376623,0.6623376623376623,0.7792207792207793,0.7402597402597403,0.7142857142857143,0.7922077922077922,0.7662337662337663,0.7142857142857143,0.6233766233766234,0.8181818181818182,0.7142857142857143,0.7532467532467533,0.7402597402597403,0.7272727272727273,0.6493506493506493,0.7012987012987013,0.7532467532467533,0.7402597402597403,0.7272727272727273,0.7402597402597403,0.7012987012987013,0.6493506493506493,0.7792207792207793,0.7142857142857143,0.7792207792207793,0.5974025974025974,0.7142857142857143,0.7142857142857143,0.8051948051948052
WormsTwoClass,0.8181818181818182,0.7662337662337663,0.7922077922077922,0.8181818181818182,0.8311688311688312,0.7532467532467533,0.7402597402597403,0.8311688311688312,0.7402597402597403,0.8181818181818182,0.7922077922077922,0.7792207792207793,0.7532467532467533,0.7792207792207793,0.8181818181818182,0.6883116883116883,0.7402597402597403,0.7272727272727273,0.8441558441558441,0.7792207792207793,0.8051948051948052,0.7272727272727273,0.7662337662337663,0.7662337662337663,0.8311688311688312,0.8051948051948052,0.7922077922077922,0.7922077922077922,0.8051948051948052,0.8051948051948052
Yoga,0.8806666666666667,0.8726666666666667,0.882,0.892,0.8593333333333333,0.869,0.875,0.879,0.866,0.8593333333333333,0.8766666666666667,0.884,0.854,0.874,0.8756666666666667,0.8653333333333333,0.908,0.906,0.9086666666666666,0.8703333333333333,0.867,0.8536666666666667,0.8933333333333333,0.8896666666666667,0.907,0.8723333333333333,0.8876666666666667,0.8816666666666667,0.8943333333333333,0.8916666666666667
ArticularyWordRecognition,0.99,0.9866666666666667,0.9833333333333333,0.9666666666666667,0.9666666666666667,0.9666666666666667,0.9733333333333334,0.99,0.9533333333333334,0.98,0.96,0.98,0.9766666666666667,0.9633333333333334,0.9833333333333333,0.99,0.98,0.96,0.9733333333333334,0.9866666666666667,0.97,0.9733333333333334,0.97,0.96,0.9766666666666667,0.9833333333333333,0.97,0.99,0.9666666666666667,0.9833333333333333
AtrialFibrillation,0.26666666666666666,0.4,0.3333333333333333,0.4666666666666667,0.3333333333333333,0.3333333333333333,0.5333333333333333,0.4,0.5333333333333333,0.3333333333333333,0.26666666666666666,0.26666666666666666,0.26666666666666666,0.26666666666666666,0.2,0.26666666666666666,0.3333333333333333,0.4,0.3333333333333333,0.4666666666666667,0.3333333333333333,0.3333333333333333,0.13333333333333333,0.26666666666666666,0.2,0.13333333333333333,0.26666666666666666,0.2,0.26666666666666666,0.4
BasicMotions,0.975,1.0,0.975,0.95,0.975,0.975,1.0,0.95,0.975,1.0,1.0,0.95,1.0,1.0,1.0,0.925,0.975,0.975,0.975,0.975,1.0,0.975,0.925,1.0,1.0,1.0,1.0,0.975,0.975,0.975
Cricket,0.9861111111111112,1.0,0.9861111111111112,1.0,0.9861111111111112,1.0,0.9861111111111112,0.9861111111111112,1.0,0.9861111111111112,1.0,0.9861111111111112,0.9722222222222222,1.0,1.0,1.0,0.9861111111111112,0.9722222222222222,0.9861111111111112,0.9861111111111112,0.9861111111111112,0.9861111111111112,0.9722222222222222,1.0,0.9861111111111112,0.9861111111111112,0.9861111111111112,0.9861111111111112,1.0,0.9861111111111112
DuckDuckGeese,0.36,0.34,0.46,0.46,0.44,0.46,0.5,0.38,0.48,0.42,0.34,0.44,0.46,0.42,0.48,0.44,0.5,0.52,0.5,0.5,0.38,0.34,0.36,0.38,0.44,0.38,0.52,0.42,0.38,0.54
EigenWorms,0.7786259541984732,0.6793893129770993,0.7175572519083969,0.7633587786259542,0.7099236641221374,0.6793893129770993,0.7480916030534351,0.7480916030534351,0.7709923664122137,0.7175572519083969,0.7862595419847328,0.8015267175572519,0.7557251908396947,0.7480916030534351,0.732824427480916,0.7633587786259542,0.7557251908396947,0.7404580152671756,0.6641221374045801,0.7786259541984732,0.7938931297709924,0.7709923664122137,0.6946564885496184,0.7022900763358778,0.7557251908396947,0.8320610687022901,0.6870229007633588,0.7862595419847328,0.7022900763358778,0.8396946564885496
Epilepsy,0.9927536231884058,1.0,0.9927536231884058,1.0,0.9782608695652174,0.9855072463768116,0.9710144927536232,0.9927536231884058,0.9637681159420289,0.9927536231884058,0.9927536231884058,0.9782608695652174,0.9855072463768116,1.0,0.9927536231884058,1.0,0.9855072463768116,0.9855072463768116,0.9927536231884058,0.9710144927536232,0.9782608695652174,0.9637681159420289,0.9855072463768116,0.9927536231884058,1.0,0.9855072463768116,0.9782608695652174,0.9927536231884058,0.9927536231884058,1.0
EthanolConcentration,0.8212927756653993,0.8365019011406845,0.8517110266159695,0.8479087452471483,0.8212927756653993,0.8250950570342205,0.8403041825095057,0.8136882129277566,0.8098859315589354,0.7946768060836502,0.8212927756653993,0.8212927756653993,0.8365019011406845,0.7604562737642585,0.8517110266159695,0.7984790874524715,0.7984790874524715,0.8212927756653993,0.8403041825095057,0.8326996197718631,0.844106463878327,0.8288973384030418,0.7870722433460076,0.8326996197718631,0.8517110266159695,0.7908745247148289,0.8250950570342205,0.8060836501901141,0.8479087452471483,0.8479087452471483
ERing,0.8888888888888888,0.7925925925925926,0.9,0.7962962962962963,0.8962962962962963,0.8481481481481481,0.825925925925926,0.8481481481481481,0.825925925925926,0.9407407407407408,0.8296296296296296,0.9,0.8925925925925926,0.8740740740740741,0.8777777777777778,0.7777777777777778,0.8925925925925926,0.9037037037037037,0.8629629629629629,0.8666666666666667,0.8148148148148148,0.737037037037037,0.8444444444444444,0.7888888888888889,0.937037037037037,0.762962962962963,0.7925925925925926,0.7481481481481481,0.8592592592592593,0.7592592592592593
FaceDetection,0.6461407491486947,0.7017593643586834,0.7074347332576617,0.6940976163450624,0.6969353007945517,0.6912599318955732,0.7142451759364359,0.6963677639046538,0.6841657207718501,0.7006242905788876,0.7193530079455165,0.6898410896708286,0.6813280363223609,0.6898410896708286,0.6943813847900113,0.706583427922815,0.7074347332576617,0.706583427922815,0.6997729852440409,0.7006242905788876,0.7060158910329172,0.7125425652667423,0.6972190692395006,0.6912599318955732,0.6889897843359818,0.695516458569807,0.7128263337116912,0.7009080590238366,0.6949489216799092,0.7003405221339387
FingerMovements,0.51,0.54,0.46,0.54,0.57,0.49,0.56,0.58,0.51,0.5,0.48,0.65,0.62,0.53,0.55,0.58,0.52,0.57,0.59,0.5,0.52,0.49,0.42,0.58,0.53,0.51,0.53,0.49,0.56,0.54
HandMovementDirection,0.3918918918918919,0.36486486486486486,0.35135135135135137,0.3783783783783784,0.3108108108108108,0.33783783783783783,0.3918918918918919,0.28378378378378377,0.32432432432432434,0.33783783783783783,0.33783783783783783,0.36486486486486486,0.4594594594594595,0.3108108108108108,0.4189189189189189,0.3108108108108108,0.2972972972972973,0.3783783783783784,0.35135135135135137,0.32432432432432434,0.28378378378378377,0.3108108108108108,0.40540540540540543,0.3108108108108108,0.33783783783783783,0.33783783783783783,0.3108108108108108,0.33783783783783783,0.3783783783783784,0.44594594594594594
Handwriting,0.28823529411764703,0.33294117647058824,0.30941176470588233,0.28705882352941176,0.29411764705882354,0.2964705882352941,0.2788235294117647,0.2788235294117647,0.2752941176470588,0.2811764705882353,0.31529411764705884,0.24235294117647058,0.2811764705882353,0.2988235294117647,0.27058823529411763,0.27647058823529413,0.2564705882352941,0.3247058823529412,0.2776470588235294,0.3211764705882353,0.27058823529411763,0.2788235294117647,0.2635294117647059,0.29764705882352943,0.2611764705882353,0.30117647058823527,0.3129411764705882,0.28352941176470586,0.2952941176470588,0.2788235294117647
Heartbeat,0.7219512195121951,0.7268292682926829,0.7268292682926829,0.7073170731707317,0.7268292682926829,0.7121951219512195,0.7073170731707317,0.7170731707317073,0.7170731707317073,0.7268292682926829,0.7268292682926829,0.7121951219512195,0.7317073170731707,0.7219512195121951,0.7219512195121951,0.7121951219512195,0.7317073170731707,0.7219512195121951,0.7170731707317073,0.7268292682926829,0.7268292682926829,0.7219512195121951,0.7219512195121951,0.7219512195121951,0.7219512195121951,0.7317073170731707,0.7219512195121951,0.7121951219512195,0.7219512195121951,0.7268292682926829
Libras,0.8611111111111112,0.8777777777777778,0.8888888888888888,0.8777777777777778,0.85,0.8277777777777777,0.8222222222222222,0.8444444444444444,0.8277777777777777,0.8555555555555555,0.8611111111111112,0.8444444444444444,0.85,0.8611111111111112,0.8888888888888888,0.8444444444444444,0.8277777777777777,0.8388888888888889,0.8555555555555555,0.8111111111111111,0.8611111111111112,0.8222222222222222,0.8888888888888888,0.8666666666666667,0.7666666666666667,0.8444444444444444,0.7944444444444444,0.7888888888888889,0.8555555555555555,0.8333333333333334
LSST,0.5867802108678021,0.5721816707218167,0.5754257907542579,0.5851581508515815,0.578264395782644,0.5721816707218167,0.5786699107866992,0.5802919708029197,0.5750202757502028,0.5733982157339822,0.5725871857258719,0.5819140308191403,0.583941605839416,0.572992700729927,0.5871857258718572,0.5697485806974858,0.5806974858069749,0.578264395782644,0.5815085158150851,0.5802919708029197,0.5819140308191403,0.5725871857258719,0.5709651257096513,0.5774533657745337,0.5754257907542579,0.5762368207623683,0.5762368207623683,0.5831305758313058,0.5855636658556367,0.5790754257907542
MotorImagery,0.5,0.49,0.45,0.42,0.48,0.48,0.51,0.52,0.46,0.52,0.49,0.47,0.45,0.51,0.56,0.54,0.48,0.53,0.52,0.51,0.59,0.55,0.5,0.54,0.62,0.49,0.4,0.54,0.57,0.56
NATOPS,0.8722222222222222,0.8444444444444444,0.8222222222222222,0.8166666666666667,0.8611111111111112,0.8222222222222222,0.8444444444444444,0.8388888888888889,0.8555555555555555,0.8166666666666667,0.8055555555555556,0.8666666666666667,0.8333333333333334,0.8333333333333334,0.8444444444444444,0.8777777777777778,0.8666666666666667,0.8111111111111111,0.8333333333333334,0.8277777777777777,0.8777777777777778,0.8777777777777778,0.8388888888888889,0.8166666666666667,0.8666666666666667,0.85,0.8722222222222222,0.8,0.85,0.8611111111111112
PenDigits,0.9405374499714122,0.9777015437392796,0.9748427672955975,0.9791309319611207,0.9791309319611207,0.9791309319611207,0.9748427672955975,0.98084619782733,0.9757004002287021,0.9777015437392796,0.9762721555174385,0.9828473413379074,0.9794168096054888,0.9768439108061749,0.9768439108061749,0.9768439108061749,0.9802744425385935,0.9788450543167524,0.9777015437392796,0.978273299028016,0.9805603201829617,0.9736992567181246,0.9754145225843339,0.9828473413379074,0.9797026872498571,0.98084619782733,0.9757004002287021,0.9777015437392796,0.9794168096054888,0.9797026872498571
PEMS-SF,0.9710982658959537,1.0,1.0,0.9710982658959537,0.9364161849710982,1.0,0.9942196531791907,0.953757225433526,0.976878612716763,1.0,0.9942196531791907,0.9884393063583815,0.9653179190751445,0.9479768786127167,0.9942196531791907,1.0,1.0,0.9884393063583815,1.0,0.9884393063583815,0.9942196531791907,0.9884393063583815,0.9826589595375722,1.0,0.976878612716763,0.9942196531791907,0.9710982658959537,0.976878612716763,0.976878612716763,0.9884393063583815
PhonemeSpectra,0.29495973754846405,0.3080823143453624,0.3039069490008947,0.3229943334327468,0.30838055472711007,0.3092752758723531,0.31046823739934387,0.3053981509096332,0.3077840739636147,0.3012227855651655,0.30867879510885776,0.3077840739636147,0.3059946316731285,0.3059946316731285,0.31792424694303606,0.29257381449448255,0.29824038174768863,0.3056963912913809,0.3009245451834178,0.3021175067104086,0.31136295854458695,0.307485833581867,0.307485833581867,0.3059946316731285,0.30062630480167013,0.31434536236206384,0.3098717566358485,0.307485833581867,0.307485833581867,0.2967491798389502
RacketSports,0.8881578947368421,0.868421052631579,0.881578947368421,0.9013157894736842,0.9013157894736842,0.9144736842105263,0.8881578947368421,0.9078947368421053,0.875,0.9013157894736842,0.8355263157894737,0.8552631578947368,0.8947368421052632,0.875,0.9078947368421053,0.9013157894736842,0.868421052631579,0.9144736842105263,0.8947368421052632,0.8552631578947368,0.8486842105263158,0.8092105263157895,0.9078947368421053,0.8486842105263158,0.868421052631579,0.875,0.8947368421052632,0.9013157894736842,0.8552631578947368,0.8881578947368421
SelfRegulationSCP1,0.8395904436860068,0.8122866894197952,0.8225255972696246,0.8668941979522184,0.8532423208191127,0.8703071672354948,0.8327645051194539,0.8464163822525598,0.856655290102389,0.8907849829351536,0.8532423208191127,0.8668941979522184,0.8600682593856656,0.8395904436860068,0.825938566552901,0.8361774744027304,0.8361774744027304,0.8464163822525598,0.856655290102389,0.8361774744027304,0.8430034129692833,0.8225255972696246,0.8430034129692833,0.8737201365187713,0.8498293515358362,0.8327645051194539,0.8498293515358362,0.863481228668942,0.8532423208191127,0.8395904436860068
SelfRegulationSCP2,0.5333333333333333,0.49444444444444446,0.5222222222222223,0.5611111111111111,0.45555555555555555,0.4888888888888889,0.5722222222222222,0.5,0.5555555555555556,0.5333333333333333,0.5,0.45,0.46111111111111114,0.5611111111111111,0.5222222222222223,0.4777777777777778,0.5111111111111111,0.5166666666666667,0.5444444444444444,0.49444444444444446,0.5111111111111111,0.5055555555555555,0.5,0.49444444444444446,0.5277777777777778,0.5388888888888889,0.5444444444444444,0.55,0.5055555555555555,0.5555555555555556
StandWalkJump,0.4666666666666667,0.2,0.2,0.5333333333333333,0.6,0.6,0.6,0.2,0.3333333333333333,0.4666666666666667,0.4,0.3333333333333333,0.4666666666666667,0.6666666666666666,0.4,0.5333333333333333,0.4666666666666667,0.4666666666666667,0.4666666666666667,0.5333333333333333,0.3333333333333333,0.4,0.6,0.2,0.4666666666666667,0.4666666666666667,0.6,0.4,0.4,0.4
UWaveGestureLibrary,0.85,0.8625,0.871875,0.878125,0.875,0.875,0.884375,0.884375,0.890625,0.878125,0.9125,0.896875,0.865625,0.86875,0.91875,0.8375,0.834375,0.821875,0.859375,0.890625,0.896875,0.89375,0.840625,0.878125,0.859375,0.896875,0.828125,0.8625,0.85,0.846875
