Adiac,0.611253197,0.62915601,0.626598465,0.613810742,0.62915601,0.649616368,0.603580563,0.621483376,0.62915601,0.647058824,0.601023018,0.626598465,0.6342711,0.6342711,0.644501279,0.598465473,0.616368286,0.6342711,0.567774936,0.611253197,0.608695652,0.606138107,0.613810742,0.62915601,0.578005115,0.626598465,0.608695652,0.595907928,0.639386189,0.647058824,0.636828645,0.624040921,0.624040921,0.611253197,0.641943734,0.595907928,0.585677749,0.626598465,0.595907928,0.631713555,0.613810742,0.618925831,0.62915601,0.608695652,0.647058824,0.631713555,0.595907928,0.631713555,0.606138107,0.6342711,0.613810742,0.616368286,0.588235294,0.572890026,0.649616368,0.603580563,0.611253197,0.6342711,0.603580563,0.652173913,0.636828645,0.616368286,0.606138107,0.613810742,0.626598465,0.626598465,0.626598465,0.613810742,0.595907928,0.618925831,0.601023018,0.639386189,0.613810742,0.603580563,0.631713555,0.616368286,0.608695652,0.62915601,0.603580563,0.662404092,0.613810742,0.606138107,0.598465473,0.593350384,0.613810742,0.639386189,0.62915601,0.608695652,0.601023018,0.595907928,0.603580563,0.613810742,0.631713555,0.603580563,0.608695652,0.626598465,0.601023018,0.621483376,0.603580563,0.603580563
ArrowHead,0.8,0.834285714,0.782857143,0.845714286,0.828571429,0.868571429,0.857142857,0.834285714,0.834285714,0.885714286,0.84,0.857142857,0.817142857,0.782857143,0.817142857,0.851428571,0.805714286,0.845714286,0.834285714,0.822857143,0.891428571,0.845714286,0.851428571,0.851428571,0.851428571,0.822857143,0.857142857,0.84,0.845714286,0.874285714,0.868571429,0.857142857,0.862857143,0.857142857,0.88,0.794285714,0.765714286,0.822857143,0.788571429,0.817142857,0.874285714,0.817142857,0.828571429,0.868571429,0.891428571,0.817142857,0.805714286,0.771428571,0.834285714,0.874285714,0.851428571,0.88,0.828571429,0.862857143,0.811428571,0.88,0.851428571,0.891428571,0.88,0.845714286,0.868571429,0.817142857,0.857142857,0.862857143,0.84,0.765714286,0.817142857,0.862857143,0.817142857,0.857142857,0.862857143,0.868571429,0.857142857,0.868571429,0.891428571,0.851428571,0.8,0.805714286,0.862857143,0.845714286,0.868571429,0.874285714,0.834285714,0.811428571,0.874285714,0.851428571,0.874285714,0.845714286,0.891428571,0.811428571,0.754285714,0.8,0.891428571,0.805714286,0.8,0.811428571,0.794285714,0.834285714,0.817142857,0.897142857
Beef,0.666666667,0.566666667,0.6,0.566666667,0.533333333,0.433333333,0.6,0.633333333,0.5,0.6,0.6,0.5,0.6,0.3,0.566666667,0.533333333,0.5,0.533333333,0.466666667,0.533333333,0.533333333,0.633333333,0.433333333,0.5,0.5,0.333333333,0.533333333,0.5,0.6,0.5,0.666666667,0.466666667,0.566666667,0.433333333,0.5,0.633333333,0.566666667,0.333333333,0.633333333,0.566666667,0.533333333,0.533333333,0.666666667,0.466666667,0.566666667,0.466666667,0.466666667,0.6,0.666666667,0.6,0.466666667,0.566666667,0.3,0.533333333,0.566666667,0.5,0.466666667,0.666666667,0.466666667,0.466666667,0.4,0.533333333,0.533333333,0.566666667,0.566666667,0.633333333,0.466666667,0.5,0.466666667,0.433333333,0.5,0.533333333,0.566666667,0.533333333,0.466666667,0.633333333,0.5,0.566666667,0.566666667,0.533333333,0.733333333,0.533333333,0.6,0.5,0.366666667,0.466666667,0.533333333,0.466666667,0.666666667,0.6,0.6,0.6,0.633333333,0.466666667,0.433333333,0.633333333,0.433333333,0.433333333,0.6,0.633333333
BeetleFly,0.75,0.55,0.5,0.65,0.85,0.8,0.6,0.7,0.7,0.75,0.6,0.75,0.65,0.7,0.45,0.65,0.65,0.8,0.75,0.7,0.75,0.6,0.75,0.6,0.65,0.7,0.65,0.75,0.55,0.7,0.8,0.65,0.7,0.7,0.7,0.65,0.65,0.8,0.55,0.8,0.65,0.55,0.8,0.75,0.8,0.8,0.7,0.7,0.75,0.75,0.7,0.6,0.55,0.75,0.65,0.6,0.65,0.75,0.8,0.7,0.7,0.9,0.65,0.6,0.75,0.85,0.75,0.65,0.7,0.65,0.75,0.65,0.55,0.45,0.75,0.65,0.7,0.8,0.75,0.6,0.65,0.75,0.75,0.6,0.65,0.65,0.55,0.65,0.75,0.8,0.6,0.65,0.7,0.6,0.6,0.6,0.8,0.8,0.5,0.85
BirdChicken,0.55,0.75,0.75,0.7,0.75,0.65,0.6,0.45,0.7,0.7,0.7,0.7,0.85,0.7,0.65,0.65,0.65,0.6,0.8,0.7,0.75,0.85,0.5,0.6,0.7,0.75,0.65,0.6,0.6,0.65,0.75,0.7,0.75,0.7,0.75,0.65,0.55,0.7,0.65,0.8,0.65,0.85,0.65,0.7,0.65,0.7,0.75,0.65,0.8,0.6,0.6,0.7,0.75,0.6,0.75,0.85,0.7,0.55,0.75,0.75,0.6,0.5,0.75,0.7,0.75,0.8,0.75,0.75,0.7,0.7,0.7,0.5,0.8,0.75,0.9,0.55,0.55,0.75,0.65,0.8,0.85,0.75,0.65,0.6,0.65,0.8,0.55,0.7,0.75,0.75,0.75,0.7,0.55,0.75,0.8,0.65,0.8,0.65,0.75,0.65
Car,0.733333333,0.783333333,0.8,0.75,0.7,0.716666667,0.7,0.783333333,0.733333333,0.616666667,0.733333333,0.75,0.683333333,0.75,0.683333333,0.7,0.716666667,0.85,0.616666667,0.766666667,0.733333333,0.733333333,0.65,0.633333333,0.783333333,0.65,0.75,0.8,0.75,0.666666667,0.75,0.633333333,0.733333333,0.733333333,0.7,0.783333333,0.8,0.7,0.816666667,0.766666667,0.766666667,0.666666667,0.733333333,0.716666667,0.666666667,0.7,0.7,0.766666667,0.75,0.783333333,0.65,0.75,0.716666667,0.733333333,0.683333333,0.7,0.75,0.766666667,0.733333333,0.7,0.7,0.683333333,0.733333333,0.75,0.766666667,0.683333333,0.716666667,0.7,0.716666667,0.8,0.683333333,0.666666667,0.716666667,0.633333333,0.7,0.733333333,0.7,0.816666667,0.666666667,0.783333333,0.65,0.616666667,0.816666667,0.633333333,0.716666667,0.716666667,0.716666667,0.733333333,0.75,0.683333333,0.733333333,0.7,0.733333333,0.8,0.816666667,0.766666667,0.683333333,0.816666667,0.683333333,0.716666667
CBF,0.852222222,0.816666667,0.822222222,0.862222222,0.856666667,0.863333333,0.854444444,0.85,0.883333333,0.872222222,0.888888889,0.871111111,0.868888889,0.872222222,0.914444444,0.88,0.871111111,0.858888889,0.864444444,0.826666667,0.838888889,0.945555556,0.878888889,0.901111111,0.896666667,0.892222222,0.83,0.898888889,0.795555556,0.881111111,0.896666667,0.832222222,0.896666667,0.895555556,0.934444444,0.845555556,0.858888889,0.885555556,0.828888889,0.868888889,0.87,0.905555556,0.903333333,0.834444444,0.858888889,0.841111111,0.842222222,0.902222222,0.864444444,0.855555556,0.864444444,0.872222222,0.887777778,0.851111111,0.922222222,0.837777778,0.842222222,0.854444444,0.925555556,0.853333333,0.863333333,0.867777778,0.844444444,0.828888889,0.804444444,0.936666667,0.894444444,0.854444444,0.834444444,0.947777778,0.865555556,0.847777778,0.867777778,0.917777778,0.812222222,0.892222222,0.857777778,0.883333333,0.88,0.905555556,0.87,0.923333333,0.86,0.915555556,0.857777778,0.862222222,0.908888889,0.89,0.813333333,0.901111111,0.823333333,0.897777778,0.807777778,0.867777778,0.885555556,0.912222222,0.828888889,0.922222222,0.88,0.863333333
ChlorineConcentration,0.65,0.66953125,0.652864583,0.656510417,0.671354167,0.652604167,0.661979167,0.6671875,0.6515625,0.645052083,0.651302083,0.633333333,0.640625,0.65078125,0.644791667,0.659114583,0.653125,0.65234375,0.644010417,0.641666667,0.6484375,0.619010417,0.659114583,0.661979167,0.664583333,0.655208333,0.63828125,0.634635417,0.650260417,0.632552083,0.660677083,0.665625,0.655208333,0.653385417,0.667447917,0.65078125,0.6609375,0.642447917,0.66796875,0.659895833,0.6640625,0.64921875,0.653385417,0.634635417,0.646354167,0.640885417,0.66171875,0.636458333,0.646875,0.65078125,0.639322917,0.64140625,0.661197917,0.654947917,0.6671875,0.65,0.647135417,0.644270833,0.661197917,0.649479167,0.645833333,0.649739583,0.654947917,0.649739583,0.654166667,0.653125,0.652864583,0.65703125,0.648177083,0.65390625,0.6421875,0.670572917,0.66328125,0.65703125,0.6546875,0.659375,0.654947917,0.638541667,0.65703125,0.653645833,0.653125,0.6578125,0.6546875,0.6640625,0.647135417,0.653385417,0.644791667,0.643489583,0.640625,0.660677083,0.654947917,0.651822917,0.645052083,0.651822917,0.642447917,0.648177083,0.662239583,0.642708333,0.64375,0.663541667
CinCECGtorso,0.897101449,0.873188406,0.914492754,0.913768116,0.942753623,0.863043478,0.905797101,0.910144928,0.89057971,0.886231884,0.846376812,0.796376812,0.892028986,0.942028986,0.897101449,0.9,0.923913043,0.929710145,0.87826087,0.879710145,0.847101449,0.89057971,0.813768116,0.897101449,0.893478261,0.915942029,0.902173913,0.90942029,0.918115942,0.898550725,0.885507246,0.863043478,0.858695652,0.888405797,0.877536232,0.851449275,0.85942029,0.91884058,0.955072464,0.896376812,0.902173913,0.780434783,0.872463768,0.925362319,0.910144928,0.929710145,0.858695652,0.882608696,0.946376812,0.930434783,0.923913043,0.848550725,0.884057971,0.926811594,0.863043478,0.874637681,0.939855072,0.879710145,0.913768116,0.910144928,0.926086957,0.912318841,0.899275362,0.886231884,0.878985507,0.900724638,0.920289855,0.896376812,0.923188406,0.930434783,0.89057971,0.906521739,0.900724638,0.879710145,0.898550725,0.90942029,0.847101449,0.876811594,0.884782609,0.825362319,0.9,0.87826087,0.876811594,0.902898551,0.88115942,0.915942029,0.888405797,0.898550725,0.897101449,0.864492754,0.867391304,0.875362319,0.867391304,0.873188406,0.842028986,0.904347826,0.897826087,0.906521739,0.860869565,0.910144928
Coffee,1,0.964285714,0.964285714,1,1,1,0.964285714,1,0.892857143,1,1,0.964285714,1,0.928571429,1,1,1,0.928571429,1,1,1,1,0.964285714,1,1,0.928571429,0.964285714,0.964285714,0.928571429,0.964285714,0.928571429,1,1,1,1,0.928571429,1,1,1,0.964285714,0.928571429,1,1,0.892857143,1,1,0.964285714,1,1,0.964285714,0.928571429,1,0.964285714,1,1,0.964285714,1,1,1,1,1,1,1,0.964285714,1,0.964285714,1,1,0.964285714,1,1,1,1,1,1,1,1,1,0.964285714,0.964285714,0.892857143,1,1,0.928571429,1,1,1,0.964285714,1,0.964285714,1,1,0.964285714,1,0.964285714,0.928571429,1,1,0.928571429,1
Computers,0.576,0.552,0.564,0.576,0.572,0.572,0.6,0.628,0.58,0.552,0.584,0.588,0.576,0.592,0.628,0.576,0.584,0.596,0.596,0.552,0.576,0.572,0.556,0.576,0.576,0.568,0.58,0.596,0.532,0.588,0.568,0.58,0.56,0.584,0.544,0.564,0.612,0.588,0.564,0.572,0.624,0.564,0.528,0.592,0.572,0.572,0.612,0.552,0.6,0.572,0.568,0.596,0.544,0.576,0.64,0.564,0.584,0.6,0.568,0.58,0.592,0.564,0.56,0.6,0.532,0.564,0.548,0.608,0.616,0.552,0.568,0.532,0.62,0.604,0.52,0.588,0.564,0.56,0.616,0.544,0.56,0.58,0.56,0.572,0.568,0.552,0.548,0.572,0.588,0.588,0.584,0.548,0.56,0.544,0.584,0.544,0.58,0.584,0.556,0.592
CricketX,0.576923077,0.571794872,0.553846154,0.584615385,0.561538462,0.530769231,0.587179487,0.587179487,0.620512821,0.594871795,0.587179487,0.551282051,0.579487179,0.582051282,0.602564103,0.605128205,0.566666667,0.556410256,0.576923077,0.617948718,0.553846154,0.564102564,0.561538462,0.576923077,0.571794872,0.571794872,0.607692308,0.558974359,0.576923077,0.594871795,0.587179487,0.571794872,0.594871795,0.58974359,0.6,0.558974359,0.620512821,0.566666667,0.553846154,0.546153846,0.576923077,0.556410256,0.561538462,0.612820513,0.569230769,0.592307692,0.620512821,0.553846154,0.571794872,0.579487179,0.574358974,0.576923077,0.558974359,0.61025641,0.607692308,0.543589744,0.594871795,0.564102564,0.584615385,0.548717949,0.587179487,0.584615385,0.546153846,0.587179487,0.615384615,0.612820513,0.582051282,0.535897436,0.561538462,0.58974359,0.546153846,0.582051282,0.556410256,0.594871795,0.6,0.543589744,0.602564103,0.561538462,0.553846154,0.592307692,0.623076923,0.607692308,0.584615385,0.582051282,0.574358974,0.574358974,0.566666667,0.58974359,0.543589744,0.571794872,0.556410256,0.633333333,0.551282051,0.571794872,0.571794872,0.594871795,0.594871795,0.607692308,0.582051282,0.584615385
CricketY,0.566666667,0.558974359,0.541025641,0.535897436,0.546153846,0.543589744,0.548717949,0.566666667,0.543589744,0.533333333,0.538461538,0.541025641,0.548717949,0.538461538,0.556410256,0.497435897,0.543589744,0.551282051,0.520512821,0.530769231,0.551282051,0.548717949,0.528205128,0.541025641,0.566666667,0.6,0.576923077,0.546153846,0.569230769,0.551282051,0.525641026,0.551282051,0.548717949,0.561538462,0.556410256,0.533333333,0.538461538,0.548717949,0.546153846,0.512820513,0.528205128,0.538461538,0.574358974,0.528205128,0.538461538,0.546153846,0.584615385,0.553846154,0.5,0.543589744,0.525641026,0.523076923,0.553846154,0.571794872,0.58974359,0.530769231,0.558974359,0.571794872,0.535897436,0.515384615,0.541025641,0.553846154,0.571794872,0.530769231,0.523076923,0.546153846,0.523076923,0.520512821,0.546153846,0.525641026,0.558974359,0.556410256,0.533333333,0.553846154,0.528205128,0.548717949,0.543589744,0.528205128,0.541025641,0.576923077,0.584615385,0.517948718,0.507692308,0.571794872,0.569230769,0.525641026,0.546153846,0.525641026,0.533333333,0.556410256,0.548717949,0.525641026,0.553846154,0.561538462,0.525641026,0.558974359,0.543589744,0.546153846,0.543589744,0.566666667
CricketZ,0.587179487,0.58974359,0.574358974,0.579487179,0.617948718,0.597435897,0.587179487,0.574358974,0.592307692,0.553846154,0.569230769,0.592307692,0.617948718,0.617948718,0.587179487,0.574358974,0.558974359,0.579487179,0.558974359,0.6,0.605128205,0.594871795,0.579487179,0.6,0.569230769,0.541025641,0.646153846,0.566666667,0.597435897,0.566666667,0.582051282,0.594871795,0.594871795,0.58974359,0.561538462,0.579487179,0.607692308,0.602564103,0.584615385,0.574358974,0.602564103,0.541025641,0.61025641,0.6,0.594871795,0.582051282,0.584615385,0.594871795,0.551282051,0.6,0.571794872,0.602564103,0.564102564,0.594871795,0.602564103,0.569230769,0.61025641,0.574358974,0.594871795,0.594871795,0.579487179,0.58974359,0.58974359,0.607692308,0.6,0.607692308,0.571794872,0.592307692,0.594871795,0.551282051,0.594871795,0.579487179,0.574358974,0.579487179,0.587179487,0.630769231,0.569230769,0.576923077,0.592307692,0.566666667,0.574358974,0.651282051,0.602564103,0.6,0.574358974,0.6,0.617948718,0.620512821,0.617948718,0.625641026,0.623076923,0.546153846,0.597435897,0.6,0.584615385,0.605128205,0.551282051,0.576923077,0.602564103,0.592307692
DiatomSizeReduction,0.934640523,0.954248366,0.888888889,0.908496732,0.921568627,0.973856209,0.954248366,0.95751634,0.973856209,0.964052288,0.892156863,0.954248366,0.960784314,0.934640523,0.960784314,0.888888889,0.947712418,0.934640523,0.973856209,0.901960784,0.970588235,0.937908497,0.950980392,0.954248366,0.895424837,0.973856209,0.931372549,0.967320261,0.964052288,0.967320261,0.967320261,0.977124183,0.944444444,0.95751634,0.973856209,0.977124183,0.888888889,0.973856209,0.973856209,0.980392157,0.921568627,0.967320261,0.888888889,0.95751634,0.924836601,0.931372549,0.885620915,0.970588235,0.973856209,0.950980392,0.964052288,0.960784314,0.970588235,0.960784314,0.954248366,0.980392157,0.960784314,0.888888889,0.947712418,0.934640523,0.888888889,0.973856209,0.901960784,0.895424837,0.967320261,0.931372549,0.977124183,0.960784314,0.941176471,0.944444444,0.950980392,0.944444444,0.970588235,0.970588235,0.941176471,0.964052288,0.967320261,0.895424837,0.977124183,0.921568627,0.934640523,0.885620915,0.95751634,0.892156863,0.941176471,0.95751634,0.937908497,0.960784314,0.934640523,0.937908497,0.947712418,0.967320261,0.892156863,0.892156863,0.882352941,0.944444444,0.967320261,0.882352941,0.95751634,0.892156863
DistalPhalanxOutlineAgeGroup,0.625899281,0.705035971,0.784172662,0.769784173,0.73381295,0.762589928,0.741007194,0.769784173,0.669064748,0.755395683,0.726618705,0.762589928,0.705035971,0.762589928,0.697841727,0.748201439,0.712230216,0.690647482,0.755395683,0.748201439,0.755395683,0.712230216,0.697841727,0.71942446,0.71942446,0.726618705,0.71942446,0.73381295,0.73381295,0.762589928,0.690647482,0.73381295,0.741007194,0.805755396,0.71942446,0.776978417,0.73381295,0.705035971,0.748201439,0.748201439,0.762589928,0.769784173,0.71942446,0.712230216,0.697841727,0.697841727,0.741007194,0.690647482,0.798561151,0.726618705,0.755395683,0.748201439,0.71942446,0.712230216,0.690647482,0.712230216,0.676258993,0.726618705,0.726618705,0.697841727,0.769784173,0.669064748,0.726618705,0.697841727,0.741007194,0.690647482,0.741007194,0.712230216,0.748201439,0.712230216,0.748201439,0.669064748,0.776978417,0.712230216,0.791366906,0.705035971,0.690647482,0.784172662,0.661870504,0.755395683,0.755395683,0.71942446,0.755395683,0.748201439,0.705035971,0.762589928,0.669064748,0.690647482,0.791366906,0.769784173,0.776978417,0.705035971,0.697841727,0.776978417,0.712230216,0.741007194,0.726618705,0.748201439,0.798561151,0.71942446
DistalPhalanxOutlineCorrect,0.717391304,0.713768116,0.768115942,0.731884058,0.731884058,0.75,0.742753623,0.713768116,0.735507246,0.757246377,0.746376812,0.731884058,0.782608696,0.77173913,0.735507246,0.710144928,0.731884058,0.768115942,0.768115942,0.746376812,0.721014493,0.72826087,0.702898551,0.768115942,0.768115942,0.742753623,0.746376812,0.764492754,0.731884058,0.724637681,0.753623188,0.735507246,0.717391304,0.775362319,0.731884058,0.731884058,0.757246377,0.764492754,0.768115942,0.731884058,0.731884058,0.75,0.753623188,0.721014493,0.742753623,0.721014493,0.757246377,0.710144928,0.789855072,0.742753623,0.75,0.77173913,0.739130435,0.731884058,0.775362319,0.731884058,0.75,0.75,0.724637681,0.757246377,0.753623188,0.72826087,0.75,0.746376812,0.735507246,0.713768116,0.757246377,0.735507246,0.75,0.724637681,0.760869565,0.731884058,0.768115942,0.753623188,0.782608696,0.757246377,0.702898551,0.739130435,0.710144928,0.717391304,0.721014493,0.746376812,0.721014493,0.757246377,0.757246377,0.746376812,0.775362319,0.746376812,0.742753623,0.764492754,0.760869565,0.753623188,0.724637681,0.742753623,0.710144928,0.768115942,0.72826087,0.775362319,0.757246377,0.717391304
DistalPhalanxTW,0.633093525,0.633093525,0.611510791,0.633093525,0.604316547,0.633093525,0.633093525,0.669064748,0.618705036,0.589928058,0.64028777,0.633093525,0.611510791,0.647482014,0.597122302,0.589928058,0.633093525,0.575539568,0.661870504,0.633093525,0.618705036,0.589928058,0.597122302,0.633093525,0.597122302,0.589928058,0.618705036,0.64028777,0.64028777,0.633093525,0.618705036,0.633093525,0.611510791,0.661870504,0.647482014,0.625899281,0.618705036,0.654676259,0.676258993,0.633093525,0.618705036,0.625899281,0.647482014,0.625899281,0.633093525,0.589928058,0.604316547,0.625899281,0.633093525,0.697841727,0.654676259,0.633093525,0.597122302,0.625899281,0.625899281,0.647482014,0.654676259,0.683453237,0.654676259,0.618705036,0.597122302,0.64028777,0.647482014,0.647482014,0.661870504,0.618705036,0.597122302,0.633093525,0.64028777,0.625899281,0.654676259,0.625899281,0.611510791,0.597122302,0.64028777,0.654676259,0.618705036,0.654676259,0.611510791,0.611510791,0.611510791,0.676258993,0.618705036,0.604316547,0.683453237,0.647482014,0.597122302,0.625899281,0.611510791,0.597122302,0.661870504,0.582733813,0.64028777,0.604316547,0.611510791,0.647482014,0.64028777,0.611510791,0.561151079,0.611510791
Earthquakes,0.712230216,0.712230216,0.712230216,0.64028777,0.654676259,0.669064748,0.705035971,0.669064748,0.633093525,0.683453237,0.669064748,0.697841727,0.64028777,0.669064748,0.647482014,0.697841727,0.669064748,0.654676259,0.73381295,0.690647482,0.669064748,0.697841727,0.669064748,0.669064748,0.676258993,0.654676259,0.726618705,0.690647482,0.654676259,0.690647482,0.676258993,0.625899281,0.669064748,0.697841727,0.697841727,0.683453237,0.726618705,0.676258993,0.654676259,0.676258993,0.690647482,0.669064748,0.661870504,0.676258993,0.690647482,0.726618705,0.647482014,0.690647482,0.676258993,0.697841727,0.683453237,0.669064748,0.712230216,0.712230216,0.683453237,0.697841727,0.676258993,0.712230216,0.64028777,0.697841727,0.712230216,0.705035971,0.618705036,0.676258993,0.71942446,0.669064748,0.683453237,0.712230216,0.726618705,0.633093525,0.712230216,0.705035971,0.661870504,0.661870504,0.676258993,0.705035971,0.669064748,0.669064748,0.676258993,0.73381295,0.669064748,0.697841727,0.661870504,0.741007194,0.676258993,0.690647482,0.690647482,0.697841727,0.676258993,0.690647482,0.654676259,0.654676259,0.697841727,0.712230216,0.683453237,0.669064748,0.661870504,0.661870504,0.64028777,0.705035971
ECG200,0.88,0.87,0.92,0.89,0.87,0.94,0.85,0.92,0.84,0.88,0.83,0.84,0.88,0.85,0.88,0.84,0.89,0.86,0.91,0.84,0.85,0.86,0.81,0.89,0.86,0.91,0.9,0.87,0.87,0.87,0.94,0.9,0.87,0.82,0.87,0.89,0.86,0.9,0.86,0.93,0.89,0.91,0.87,0.85,0.87,0.88,0.89,0.9,0.91,0.9,0.9,0.84,0.93,0.91,0.91,0.89,0.93,0.89,0.89,0.84,0.86,0.86,0.88,0.9,0.88,0.87,0.93,0.82,0.83,0.9,0.91,0.89,0.91,0.91,0.89,0.86,0.86,0.89,0.87,0.82,0.9,0.85,0.9,0.89,0.9,0.87,0.9,0.92,0.83,0.9,0.91,0.92,0.88,0.86,0.79,0.87,0.92,0.83,0.85,0.88
ECG5000,0.924888889,0.922222222,0.934222222,0.925555556,0.920222222,0.932444444,0.935777778,0.919111111,0.924888889,0.924888889,0.927333333,0.929111111,0.924444444,0.921111111,0.922666667,0.931333333,0.928666667,0.924444444,0.922666667,0.932444444,0.940888889,0.936666667,0.927333333,0.931555556,0.927555556,0.930666667,0.924222222,0.934666667,0.929777778,0.919555556,0.930222222,0.917555556,0.923555556,0.928444444,0.926666667,0.927111111,0.924888889,0.919333333,0.933111111,0.925111111,0.926,0.926666667,0.928888889,0.936888889,0.926444444,0.922,0.927333333,0.926666667,0.931333333,0.924888889,0.922444444,0.925333333,0.927111111,0.928888889,0.924666667,0.934444444,0.934444444,0.926222222,0.926444444,0.932888889,0.929777778,0.925777778,0.922444444,0.940444444,0.922,0.936444444,0.922222222,0.932666667,0.932,0.926666667,0.924,0.922,0.921555556,0.931111111,0.931333333,0.926,0.920444444,0.923777778,0.927111111,0.926,0.921555556,0.925333333,0.917333333,0.930222222,0.933111111,0.930222222,0.930888889,0.936666667,0.929555556,0.923777778,0.911555556,0.933777778,0.925333333,0.932444444,0.932888889,0.932888889,0.925777778,0.930222222,0.922444444,0.926888889
ECGFiveDays,0.796747967,0.844367015,0.779326365,0.851335656,0.757259001,0.888501742,0.852497096,0.788617886,0.894308943,0.765389082,0.828106852,0.852497096,0.868757259,0.855981417,0.843205575,0.767711963,0.639953542,0.740998839,0.858304297,0.718931475,0.804878049,0.767711963,0.830429733,0.850174216,0.850174216,0.839721254,0.864111498,0.763066202,0.803716609,0.859465738,0.779326365,0.75029036,0.832752613,0.777003484,0.898954704,0.802555168,0.800232288,0.81068525,0.854819977,0.779326365,0.797909408,0.888501742,0.786295006,0.674796748,0.800232288,0.866434379,0.757259001,0.790940767,0.788617886,0.868757259,0.781649245,0.81533101,0.770034843,0.81416957,0.869918699,0.831591173,0.761904762,0.822299652,0.888501742,0.835075494,0.789779326,0.854819977,0.915214866,0.696864111,0.897793264,0.801393728,0.794425087,0.832752613,0.775842044,0.852497096,0.786295006,0.706155633,0.831591173,0.807200929,0.786295006,0.854819977,0.770034843,0.835075494,0.864111498,0.717770035,0.761904762,0.781649245,0.816492451,0.849012776,0.709639954,0.709639954,0.871080139,0.858304297,0.869918699,0.799070848,0.840882695,0.868757259,0.801393728,0.849012776,0.804878049,0.75029036,0.765389082,0.868757259,0.80952381,0.843205575
ElectricDevices,0.551679419,0.697574893,0.689793801,0.699649851,0.703021657,0.703021657,0.698223317,0.696796784,0.691739074,0.698353002,0.686940734,0.688107898,0.69588899,0.69562962,0.696796784,0.695240565,0.697185838,0.696537414,0.701206069,0.696278044,0.693554662,0.70016859,0.697185838,0.696926469,0.694592141,0.69588899,0.69537025,0.688756322,0.706652834,0.691868759,0.691739074,0.696148359,0.701076384,0.706263779,0.700038905,0.695759305,0.699649851,0.696667099,0.69562962,0.703281027,0.692646868,0.69588899,0.693814032,0.693165608,0.692646868,0.699001427,0.691220335,0.70016859,0.69083128,0.702632603,0.699649851,0.701206069,0.692646868,0.694073402,0.693295292,0.699390481,0.697834263,0.697185838,0.698742057,0.70548567,0.695499935,0.686421995,0.69588899,0.692906238,0.696148359,0.70068733,0.699001427,0.696926469,0.694073402,0.689404746,0.692646868,0.690960965,0.685125146,0.697704578,0.695759305,0.693165608,0.696407729,0.694721826,0.69562962,0.702762288,0.706004409,0.690312541,0.699649851,0.691739074,0.698612372,0.694462456,0.700038905,0.701335754,0.701076384,0.69588899,0.698742057,0.689275062,0.691868759,0.698353002,0.701984178,0.696926469,0.699390481,0.694981196,0.694462456,0.690053171
FaceAll,0.713609467,0.889349112,0.882840237,0.88816568,0.881656805,0.891715976,0.877514793,0.888757396,0.882840237,0.88816568,0.876923077,0.876331361,0.879881657,0.881656805,0.89408284,0.881656805,0.869230769,0.876923077,0.866863905,0.872781065,0.884615385,0.888757396,0.888757396,0.867455621,0.881656805,0.877514793,0.869230769,0.886390533,0.876923077,0.876331361,0.872781065,0.882840237,0.892899408,0.841420118,0.872189349,0.875739645,0.879289941,0.88816568,0.885798817,0.878106509,0.888757396,0.888757396,0.869230769,0.884615385,0.868047337,0.873372781,0.882840237,0.899408284,0.877514793,0.885207101,0.887573964,0.879289941,0.884023669,0.866863905,0.885207101,0.874556213,0.897633136,0.880473373,0.878698225,0.878698225,0.868047337,0.872189349,0.886390533,0.872189349,0.88816568,0.862721893,0.882840237,0.876923077,0.886390533,0.886982249,0.885207101,0.877514793,0.884023669,0.882840237,0.875147929,0.866863905,0.885207101,0.895266272,0.89408284,0.902366864,0.882840237,0.88816568,0.884023669,0.875739645,0.869230769,0.887573964,0.862721893,0.884023669,0.875147929,0.852662722,0.863313609,0.878698225,0.872781065,0.890532544,0.881656805,0.86035503,0.865680473,0.88816568,0.879881657,0.886982249
FaceFour,0.784090909,0.761363636,0.806818182,0.772727273,0.784090909,0.806818182,0.704545455,0.772727273,0.806818182,0.772727273,0.818181818,0.818181818,0.852272727,0.852272727,0.852272727,0.795454545,0.761363636,0.806818182,0.795454545,0.863636364,0.727272727,0.806818182,0.761363636,0.772727273,0.761363636,0.761363636,0.727272727,0.738636364,0.829545455,0.715909091,0.784090909,0.818181818,0.738636364,0.704545455,0.761363636,0.761363636,0.761363636,0.806818182,0.727272727,0.75,0.829545455,0.727272727,0.795454545,0.818181818,0.772727273,0.818181818,0.818181818,0.670454545,0.818181818,0.829545455,0.75,0.806818182,0.761363636,0.806818182,0.784090909,0.772727273,0.806818182,0.704545455,0.75,0.829545455,0.806818182,0.795454545,0.761363636,0.818181818,0.693181818,0.761363636,0.818181818,0.772727273,0.806818182,0.795454545,0.75,0.704545455,0.806818182,0.715909091,0.829545455,0.761363636,0.75,0.727272727,0.761363636,0.727272727,0.75,0.727272727,0.772727273,0.829545455,0.840909091,0.761363636,0.738636364,0.772727273,0.75,0.738636364,0.761363636,0.75,0.795454545,0.784090909,0.863636364,0.772727273,0.806818182,0.727272727,0.840909091,0.818181818
FacesUCR,0.769268293,0.769268293,0.767804878,0.767804878,0.724878049,0.76,0.755121951,0.775609756,0.789756098,0.750243902,0.78195122,0.780487805,0.749756098,0.743902439,0.766341463,0.737073171,0.747317073,0.751707317,0.771219512,0.765853659,0.743414634,0.772682927,0.777073171,0.774634146,0.776585366,0.789756098,0.775121951,0.769268293,0.768780488,0.743414634,0.770731707,0.757073171,0.779512195,0.791707317,0.730243902,0.742439024,0.762439024,0.751219512,0.753170732,0.764878049,0.787804878,0.778536585,0.790731707,0.753170732,0.752682927,0.763414634,0.764390244,0.728780488,0.773658537,0.727317073,0.742926829,0.777560976,0.772195122,0.769268293,0.767317073,0.769756098,0.775121951,0.772195122,0.747804878,0.774146341,0.779512195,0.761463415,0.777073171,0.774146341,0.756585366,0.763902439,0.735121951,0.772195122,0.767317073,0.75902439,0.743902439,0.794634146,0.751219512,0.76,0.748292683,0.779512195,0.789756098,0.768292683,0.73902439,0.766341463,0.769756098,0.777560976,0.765365854,0.777073171,0.762439024,0.751219512,0.779512195,0.751219512,0.736585366,0.772195122,0.777560976,0.768780488,0.753658537,0.772682927,0.770731707,0.769268293,0.770731707,0.765365854,0.768780488,0.766829268
FiftyWords,0.630769231,0.648351648,0.632967033,0.676923077,0.676923077,0.676923077,0.659340659,0.672527473,0.654945055,0.61978022,0.652747253,0.668131868,0.63956044,0.668131868,0.676923077,0.663736264,0.648351648,0.643956044,0.624175824,0.676923077,0.663736264,0.67032967,0.674725275,0.652747253,0.63956044,0.67032967,0.628571429,0.663736264,0.668131868,0.663736264,0.657142857,0.661538462,0.659340659,0.674725275,0.668131868,0.685714286,0.665934066,0.657142857,0.67032967,0.654945055,0.672527473,0.668131868,0.665934066,0.657142857,0.646153846,0.643956044,0.657142857,0.650549451,0.657142857,0.657142857,0.628571429,0.657142857,0.668131868,0.672527473,0.652747253,0.646153846,0.665934066,0.646153846,0.650549451,0.635164835,0.672527473,0.663736264,0.650549451,0.67032967,0.654945055,0.663736264,0.652747253,0.67032967,0.67032967,0.632967033,0.657142857,0.632967033,0.63956044,0.674725275,0.659340659,0.659340659,0.672527473,0.692307692,0.652747253,0.668131868,0.63956044,0.643956044,0.646153846,0.652747253,0.657142857,0.646153846,0.685714286,0.679120879,0.701098901,0.665934066,0.654945055,0.685714286,0.661538462,0.663736264,0.679120879,0.674725275,0.646153846,0.672527473,0.665934066,0.632967033
Fish,0.782857143,0.771428571,0.862857143,0.788571429,0.777142857,0.828571429,0.805714286,0.788571429,0.794285714,0.822857143,0.788571429,0.794285714,0.8,0.817142857,0.8,0.84,0.817142857,0.84,0.817142857,0.828571429,0.811428571,0.788571429,0.817142857,0.8,0.811428571,0.828571429,0.811428571,0.788571429,0.822857143,0.765714286,0.805714286,0.828571429,0.811428571,0.748571429,0.828571429,0.817142857,0.788571429,0.788571429,0.817142857,0.817142857,0.834285714,0.782857143,0.834285714,0.794285714,0.8,0.782857143,0.834285714,0.805714286,0.805714286,0.811428571,0.765714286,0.782857143,0.794285714,0.84,0.782857143,0.782857143,0.794285714,0.782857143,0.788571429,0.811428571,0.834285714,0.822857143,0.765714286,0.777142857,0.782857143,0.845714286,0.771428571,0.822857143,0.794285714,0.822857143,0.794285714,0.777142857,0.822857143,0.788571429,0.794285714,0.771428571,0.811428571,0.817142857,0.8,0.8,0.8,0.794285714,0.8,0.828571429,0.782857143,0.805714286,0.822857143,0.84,0.782857143,0.788571429,0.794285714,0.782857143,0.834285714,0.754285714,0.794285714,0.782857143,0.765714286,0.777142857,0.788571429,0.777142857
FordA,0.665151515,0.676515152,0.674242424,0.674242424,0.671212121,0.675757576,0.679545455,0.688636364,0.670454545,0.686363636,0.668939394,0.690909091,0.686363636,0.678030303,0.693181818,0.68030303,0.68030303,0.673484848,0.681818182,0.666666667,0.671212121,0.685606061,0.675,0.695454545,0.685606061,0.683333333,0.677272727,0.684848485,0.683333333,0.664393939,0.691666667,0.693939394,0.696969697,0.690909091,0.710606061,0.708333333,0.681060606,0.661363636,0.684090909,0.681818182,0.671969697,0.678787879,0.682575758,0.703030303,0.677272727,0.670454545,0.695454545,0.686363636,0.703787879,0.687878788,0.667424242,0.702272727,0.679545455,0.693939394,0.683333333,0.685606061,0.676515152,0.692424242,0.678030303,0.688636364,0.66969697,0.685606061,0.691666667,0.673484848,0.671212121,0.691666667,0.673484848,0.670454545,0.693939394,0.691666667,0.682575758,0.675757576,0.66969697,0.688636364,0.662878788,0.665151515,0.682575758,0.65,0.68030303,0.696212121,0.696212121,0.681060606,0.693181818,0.704545455,0.69469697,0.677272727,0.668939394,0.696969697,0.684848485,0.659090909,0.711363636,0.654545455,0.698484848,0.659090909,0.68030303,0.693181818,0.684848485,0.681818182,0.69469697,0.675
FordB,0.60617284,0.639506173,0.64691358,0.637037037,0.664197531,0.667901235,0.649382716,0.659259259,0.645679012,0.637037037,0.660493827,0.650617284,0.630864198,0.645679012,0.655555556,0.622222222,0.60617284,0.604938272,0.624691358,0.682716049,0.7,0.644444444,0.667901235,0.65308642,0.656790123,0.641975309,0.627160494,0.655555556,0.638271605,0.641975309,0.649382716,0.682716049,0.634567901,0.680246914,0.635802469,0.645679012,0.648148148,0.639506173,0.660493827,0.637037037,0.641975309,0.644444444,0.638271605,0.649382716,0.64691358,0.662962963,0.661728395,0.662962963,0.620987654,0.671604938,0.635802469,0.655555556,0.64691358,0.643209877,0.658024691,0.648148148,0.658024691,0.644444444,0.635802469,0.637037037,0.655555556,0.633333333,0.666666667,0.669135802,0.64691358,0.654320988,0.671604938,0.649382716,0.630864198,0.640740741,0.664197531,0.648148148,0.67037037,0.662962963,0.650617284,0.62962963,0.637037037,0.638271605,0.650617284,0.634567901,0.650617284,0.651851852,0.655555556,0.654320988,0.651851852,0.667901235,0.638271605,0.65308642,0.650617284,0.661728395,0.660493827,0.632098765,0.641975309,0.65308642,0.634567901,0.639506173,0.650617284,0.666666667,0.638271605,0.643209877
GunPoint,0.913333333,0.94,0.9,0.933333333,0.926666667,0.893333333,0.826666667,0.913333333,0.86,0.84,0.9,0.906666667,0.88,0.886666667,0.88,0.88,0.886666667,0.906666667,0.9,0.88,0.953333333,0.86,0.873333333,0.94,0.906666667,0.86,0.926666667,0.9,0.853333333,0.9,0.886666667,0.9,0.906666667,0.853333333,0.873333333,0.886666667,0.786666667,0.84,0.913333333,0.873333333,0.873333333,0.88,0.913333333,0.873333333,0.906666667,0.92,0.873333333,0.913333333,0.893333333,0.913333333,0.846666667,0.893333333,0.893333333,0.9,0.826666667,0.913333333,0.906666667,0.84,0.92,0.84,0.906666667,0.873333333,0.926666667,0.86,0.906666667,0.853333333,0.913333333,0.926666667,0.913333333,0.873333333,0.886666667,0.906666667,0.913333333,0.88,0.88,0.84,0.913333333,0.84,0.94,0.886666667,0.893333333,0.913333333,0.906666667,0.92,0.886666667,0.893333333,0.853333333,0.88,0.853333333,0.906666667,0.906666667,0.913333333,0.94,0.906666667,0.933333333,0.9,0.913333333,0.813333333,0.9,0.913333333
Ham,0.6,0.752380952,0.752380952,0.780952381,0.752380952,0.819047619,0.723809524,0.742857143,0.771428571,0.704761905,0.752380952,0.771428571,0.79047619,0.828571429,0.780952381,0.780952381,0.742857143,0.780952381,0.828571429,0.761904762,0.780952381,0.742857143,0.79047619,0.723809524,0.723809524,0.714285714,0.742857143,0.80952381,0.828571429,0.714285714,0.771428571,0.80952381,0.695238095,0.780952381,0.761904762,0.780952381,0.733333333,0.742857143,0.742857143,0.733333333,0.80952381,0.752380952,0.771428571,0.752380952,0.761904762,0.714285714,0.761904762,0.771428571,0.723809524,0.8,0.733333333,0.752380952,0.819047619,0.79047619,0.752380952,0.771428571,0.780952381,0.676190476,0.79047619,0.704761905,0.819047619,0.761904762,0.761904762,0.761904762,0.771428571,0.8,0.685714286,0.752380952,0.742857143,0.742857143,0.771428571,0.819047619,0.742857143,0.714285714,0.742857143,0.780952381,0.780952381,0.695238095,0.714285714,0.723809524,0.79047619,0.857142857,0.723809524,0.752380952,0.742857143,0.704761905,0.780952381,0.752380952,0.723809524,0.742857143,0.752380952,0.723809524,0.771428571,0.714285714,0.761904762,0.80952381,0.79047619,0.79047619,0.733333333,0.79047619
HandOutlines,0.862162162,0.854054054,0.878378378,0.854054054,0.856756757,0.851351351,0.854054054,0.843243243,0.848648649,0.854054054,0.843243243,0.843243243,0.840540541,0.864864865,0.854054054,0.851351351,0.837837838,0.837837838,0.832432432,0.837837838,0.864864865,0.862162162,0.851351351,0.848648649,0.840540541,0.856756757,0.845945946,0.808108108,0.867567568,0.856756757,0.867567568,0.854054054,0.845945946,0.805405405,0.848648649,0.856756757,0.840540541,0.875675676,0.837837838,0.832432432,0.854054054,0.845945946,0.854054054,0.864864865,0.878378378,0.87027027,0.867567568,0.87027027,0.872972973,0.845945946,0.881081081,0.87027027,0.848648649,0.883783784,0.862162162,0.845945946,0.818918919,0.845945946,0.854054054,0.859459459,0.848648649,0.862162162,0.856756757,0.856756757,0.851351351,0.843243243,0.843243243,0.862162162,0.87027027,0.856756757,0.82972973,0.878378378,0.845945946,0.878378378,0.872972973,0.851351351,0.82972973,0.872972973,0.862162162,0.859459459,0.862162162,0.856756757,0.856756757,0.851351351,0.835135135,0.82972973,0.864864865,0.862162162,0.843243243,0.859459459,0.867567568,0.851351351,0.856756757,0.816216216,0.864864865,0.840540541,0.840540541,0.82972973,0.854054054,0.845945946
Haptics,0.37012987,0.386363636,0.383116883,0.376623377,0.405844156,0.340909091,0.373376623,0.386363636,0.37987013,0.428571429,0.373376623,0.396103896,0.36038961,0.402597403,0.357142857,0.386363636,0.396103896,0.392857143,0.415584416,0.399350649,0.350649351,0.392857143,0.399350649,0.422077922,0.415584416,0.402597403,0.435064935,0.344155844,0.347402597,0.386363636,0.353896104,0.415584416,0.405844156,0.405844156,0.38961039,0.37987013,0.396103896,0.402597403,0.396103896,0.405844156,0.396103896,0.396103896,0.38961039,0.37987013,0.353896104,0.396103896,0.376623377,0.392857143,0.37012987,0.37987013,0.373376623,0.373376623,0.412337662,0.366883117,0.402597403,0.399350649,0.373376623,0.396103896,0.344155844,0.373376623,0.37012987,0.350649351,0.366883117,0.431818182,0.418831169,0.363636364,0.37987013,0.363636364,0.376623377,0.357142857,0.383116883,0.428571429,0.350649351,0.37987013,0.383116883,0.36038961,0.376623377,0.418831169,0.428571429,0.340909091,0.402597403,0.36038961,0.327922078,0.373376623,0.415584416,0.412337662,0.409090909,0.373376623,0.36038961,0.38961039,0.396103896,0.376623377,0.37987013,0.396103896,0.402597403,0.386363636,0.402597403,0.38961039,0.415584416,0.402597403
Herring,0.515625,0.5,0.515625,0.515625,0.546875,0.515625,0.5625,0.46875,0.546875,0.53125,0.484375,0.53125,0.640625,0.53125,0.453125,0.5625,0.421875,0.515625,0.484375,0.46875,0.515625,0.46875,0.515625,0.515625,0.4375,0.484375,0.484375,0.46875,0.453125,0.484375,0.5,0.5,0.46875,0.375,0.484375,0.4375,0.453125,0.46875,0.515625,0.4375,0.5,0.5,0.546875,0.5625,0.5,0.453125,0.484375,0.40625,0.4375,0.5625,0.53125,0.4375,0.59375,0.421875,0.484375,0.546875,0.5,0.484375,0.609375,0.53125,0.421875,0.53125,0.4375,0.40625,0.515625,0.46875,0.53125,0.453125,0.609375,0.5,0.390625,0.53125,0.46875,0.515625,0.5,0.546875,0.515625,0.578125,0.453125,0.484375,0.5625,0.453125,0.46875,0.5625,0.421875,0.453125,0.5,0.453125,0.578125,0.46875,0.5,0.484375,0.46875,0.5,0.453125,0.546875,0.453125,0.53125,0.5625,0.421875
InlineSkate,0.341818182,0.294545455,0.327272727,0.325454545,0.330909091,0.325454545,0.334545455,0.307272727,0.349090909,0.327272727,0.332727273,0.345454545,0.336363636,0.323636364,0.292727273,0.323636364,0.329090909,0.323636364,0.307272727,0.334545455,0.303636364,0.347272727,0.289090909,0.338181818,0.341818182,0.325454545,0.34,0.341818182,0.347272727,0.349090909,0.32,0.32,0.321818182,0.341818182,0.301818182,0.301818182,0.341818182,0.323636364,0.329090909,0.343636364,0.323636364,0.323636364,0.329090909,0.34,0.321818182,0.312727273,0.350909091,0.336363636,0.314545455,0.276363636,0.334545455,0.290909091,0.343636364,0.309090909,0.332727273,0.309090909,0.385454545,0.298181818,0.358181818,0.32,0.338181818,0.338181818,0.318181818,0.312727273,0.296363636,0.325454545,0.329090909,0.343636364,0.334545455,0.34,0.349090909,0.338181818,0.376363636,0.338181818,0.298181818,0.274545455,0.356363636,0.316363636,0.34,0.310909091,0.32,0.349090909,0.305454545,0.341818182,0.323636364,0.329090909,0.303636364,0.343636364,0.345454545,0.301818182,0.325454545,0.296363636,0.336363636,0.329090909,0.332727273,0.316363636,0.314545455,0.305454545,0.329090909,0.292727273
InsectWingbeatSound,0.561616162,0.543939394,0.549494949,0.540909091,0.546969697,0.568686869,0.545454545,0.564141414,0.556565657,0.540909091,0.551010101,0.555555556,0.578282828,0.555555556,0.554040404,0.541414141,0.525252525,0.558080808,0.578282828,0.544949495,0.535858586,0.548484848,0.534343434,0.543434343,0.544444444,0.544949495,0.562121212,0.555555556,0.566161616,0.554545455,0.537878788,0.559090909,0.541414141,0.557575758,0.546464646,0.573232323,0.543939394,0.572727273,0.563636364,0.554545455,0.557575758,0.545959596,0.578787879,0.536363636,0.548989899,0.550505051,0.578282828,0.555050505,0.538888889,0.543434343,0.563131313,0.57979798,0.56969697,0.549494949,0.545454545,0.551515152,0.555050505,0.540909091,0.533838384,0.544949495,0.523232323,0.59040404,0.550505051,0.566666667,0.538888889,0.541919192,0.555555556,0.52979798,0.578282828,0.535353535,0.545454545,0.556060606,0.562626263,0.577272727,0.574747475,0.55,0.541919192,0.557070707,0.557070707,0.567171717,0.558080808,0.571717172,0.555555556,0.575757576,0.543434343,0.577272727,0.526767677,0.577272727,0.531818182,0.533333333,0.533838384,0.564141414,0.533333333,0.538383838,0.568686869,0.549494949,0.537373737,0.568686869,0.561111111,0.53030303
ItalyPowerDemand,0.955296404,0.925170068,0.958211856,0.961127308,0.954324587,0.958211856,0.958211856,0.965014577,0.931972789,0.966958212,0.948493683,0.937803693,0.952380952,0.958211856,0.950437318,0.96404276,0.92808552,0.955296404,0.967930029,0.958211856,0.957240039,0.947521866,0.925170068,0.965986395,0.962099125,0.963070943,0.965014577,0.921282799,0.9494655,0.96404276,0.950437318,0.963070943,0.954324587,0.946550049,0.932944606,0.965986395,0.960155491,0.954324587,0.955296404,0.9494655,0.95335277,0.95335277,0.91739553,0.950437318,0.945578231,0.954324587,0.96404276,0.932944606,0.944606414,0.955296404,0.9494655,0.971817298,0.971817298,0.960155491,0.955296404,0.965986395,0.967930029,0.952380952,0.943634597,0.946550049,0.944606414,0.954324587,0.956268222,0.952380952,0.96404276,0.952380952,0.952380952,0.968901846,0.967930029,0.95335277,0.947521866,0.951409135,0.948493683,0.954324587,0.956268222,0.948493683,0.958211856,0.968901846,0.931972789,0.959183673,0.957240039,0.951409135,0.950437318,0.959183673,0.958211856,0.965986395,0.944606414,0.945578231,0.959183673,0.956268222,0.968901846,0.936831876,0.966958212,0.9494655,0.962099125,0.967930029,0.965986395,0.9494655,0.95335277,0.946550049
LargeKitchenAppliances,0.493333333,0.546666667,0.490666667,0.514666667,0.522666667,0.52,0.522666667,0.522666667,0.514666667,0.528,0.533333333,0.52,0.488,0.504,0.568,0.482666667,0.525333333,0.504,0.578666667,0.474666667,0.485333333,0.533333333,0.538666667,0.570666667,0.498666667,0.541333333,0.512,0.498666667,0.554666667,0.581333333,0.541333333,0.525333333,0.506666667,0.525333333,0.56,0.490666667,0.522666667,0.474666667,0.552,0.541333333,0.549333333,0.517333333,0.514666667,0.488,0.546666667,0.528,0.509333333,0.512,0.496,0.533333333,0.528,0.517333333,0.501333333,0.490666667,0.522666667,0.522666667,0.512,0.512,0.533333333,0.528,0.514666667,0.528,0.512,0.546666667,0.573333333,0.549333333,0.493333333,0.525333333,0.501333333,0.482666667,0.565333333,0.546666667,0.528,0.517333333,0.506666667,0.517333333,0.528,0.52,0.538666667,0.546666667,0.525333333,0.522666667,0.504,0.528,0.544,0.538666667,0.514666667,0.525333333,0.530666667,0.538666667,0.541333333,0.512,0.474666667,0.552,0.517333333,0.536,0.533333333,0.541333333,0.549333333,0.522666667
Lightning2,0.754098361,0.737704918,0.62295082,0.786885246,0.655737705,0.737704918,0.737704918,0.721311475,0.704918033,0.737704918,0.704918033,0.62295082,0.704918033,0.803278689,0.803278689,0.737704918,0.770491803,0.62295082,0.672131148,0.770491803,0.819672131,0.754098361,0.721311475,0.786885246,0.704918033,0.754098361,0.737704918,0.672131148,0.672131148,0.737704918,0.672131148,0.639344262,0.754098361,0.606557377,0.786885246,0.704918033,0.737704918,0.639344262,0.819672131,0.704918033,0.639344262,0.62295082,0.721311475,0.770491803,0.68852459,0.68852459,0.655737705,0.737704918,0.803278689,0.836065574,0.721311475,0.754098361,0.786885246,0.721311475,0.655737705,0.68852459,0.721311475,0.836065574,0.704918033,0.737704918,0.672131148,0.639344262,0.590163934,0.786885246,0.639344262,0.68852459,0.754098361,0.770491803,0.721311475,0.786885246,0.721311475,0.68852459,0.737704918,0.770491803,0.704918033,0.704918033,0.704918033,0.704918033,0.68852459,0.655737705,0.803278689,0.639344262,0.737704918,0.754098361,0.704918033,0.721311475,0.754098361,0.704918033,0.62295082,0.737704918,0.721311475,0.590163934,0.721311475,0.590163934,0.737704918,0.803278689,0.68852459,0.704918033,0.655737705,0.721311475
Lightning7,0.575342466,0.616438356,0.643835616,0.547945205,0.616438356,0.602739726,0.589041096,0.616438356,0.534246575,0.698630137,0.630136986,0.643835616,0.616438356,0.671232877,0.547945205,0.684931507,0.698630137,0.630136986,0.589041096,0.602739726,0.630136986,0.602739726,0.602739726,0.561643836,0.616438356,0.602739726,0.630136986,0.657534247,0.657534247,0.561643836,0.616438356,0.630136986,0.561643836,0.616438356,0.643835616,0.602739726,0.657534247,0.616438356,0.616438356,0.602739726,0.602739726,0.630136986,0.657534247,0.589041096,0.493150685,0.726027397,0.643835616,0.561643836,0.630136986,0.589041096,0.698630137,0.616438356,0.630136986,0.616438356,0.643835616,0.589041096,0.616438356,0.589041096,0.547945205,0.602739726,0.657534247,0.616438356,0.575342466,0.602739726,0.671232877,0.561643836,0.602739726,0.684931507,0.630136986,0.575342466,0.657534247,0.520547945,0.602739726,0.602739726,0.602739726,0.657534247,0.657534247,0.643835616,0.630136986,0.643835616,0.671232877,0.616438356,0.671232877,0.589041096,0.671232877,0.643835616,0.575342466,0.575342466,0.616438356,0.643835616,0.643835616,0.589041096,0.657534247,0.657534247,0.643835616,0.589041096,0.630136986,0.602739726,0.616438356,0.602739726
Mallat,0.914285714,0.928784648,0.953091684,0.947974414,0.944989339,0.91641791,0.9445629,0.943710021,0.929637527,0.920682303,0.936460554,0.912153518,0.92238806,0.936034115,0.953944563,0.917697228,0.911727079,0.939872068,0.936034115,0.954797441,0.948827292,0.943710021,0.953944563,0.937739872,0.913006397,0.932622601,0.921108742,0.941151386,0.952665245,0.934754797,0.943283582,0.926226013,0.934754797,0.93901919,0.923667377,0.915565032,0.95010661,0.930063966,0.944136461,0.917697228,0.904051173,0.917270789,0.922814499,0.923667377,0.941151386,0.933049041,0.937313433,0.920682303,0.93347548,0.913006397,0.936886994,0.919402985,0.923240938,0.937739872,0.9108742,0.912579957,0.921108742,0.953944563,0.957782516,0.935607676,0.919402985,0.942857143,0.940724947,0.927078891,0.946695096,0.957356077,0.938592751,0.933049041,0.933901919,0.906183369,0.935607676,0.92196162,0.947974414,0.947974414,0.914712154,0.940724947,0.929211087,0.930063966,0.948400853,0.950533049,0.942857143,0.93347548,0.924946695,0.923667377,0.949680171,0.925799574,0.954797441,0.936460554,0.947974414,0.923667377,0.925373134,0.951385928,0.953518124,0.925799574,0.917270789,0.92793177,0.915565032,0.939872068,0.931769723,0.938592751
Meat,0.933333333,0.95,0.983333333,0.966666667,0.983333333,1,1,0.983333333,1,1,1,1,1,0.933333333,1,0.983333333,0.966666667,1,1,1,0.966666667,0.983333333,1,0.983333333,1,0.966666667,0.966666667,0.983333333,0.95,1,0.966666667,1,0.966666667,1,0.983333333,1,1,1,1,0.966666667,0.966666667,1,1,1,1,0.966666667,0.983333333,1,0.983333333,0.966666667,1,0.966666667,1,0.966666667,1,0.983333333,1,1,1,0.966666667,1,0.933333333,0.966666667,1,1,1,0.95,0.95,0.95,1,0.983333333,0.966666667,0.966666667,0.9,0.933333333,0.966666667,1,1,1,0.95,0.933333333,1,1,1,0.983333333,1,0.933333333,1,1,1,1,1,1,0.966666667,1,0.966666667,1,0.933333333,0.966666667,0.883333333
MedicalImages,0.684210526,0.667105263,0.706578947,0.721052632,0.698684211,0.696052632,0.678947368,0.696052632,0.703947368,0.7,0.705263158,0.713157895,0.693421053,0.689473684,0.703947368,0.711842105,0.680263158,0.689473684,0.682894737,0.721052632,0.709210526,0.710526316,0.702631579,0.707894737,0.701315789,0.7,0.703947368,0.696052632,0.7,0.715789474,0.692105263,0.676315789,0.681578947,0.725,0.673684211,0.714473684,0.685526316,0.715789474,0.709210526,0.714473684,0.726315789,0.710526316,0.709210526,0.709210526,0.701315789,0.707894737,0.701315789,0.710526316,0.681578947,0.706578947,0.701315789,0.7,0.690789474,0.678947368,0.694736842,0.726315789,0.713157895,0.706578947,0.725,0.727631579,0.7,0.698684211,0.686842105,0.684210526,0.678947368,0.705263158,0.723684211,0.710526316,0.684210526,0.701315789,0.705263158,0.701315789,0.705263158,0.701315789,0.655263158,0.685526316,0.714473684,0.715789474,0.707894737,0.692105263,0.682894737,0.711842105,0.681578947,0.738157895,0.681578947,0.678947368,0.717105263,0.713157895,0.713157895,0.709210526,0.686842105,0.710526316,0.714473684,0.707894737,0.715789474,0.678947368,0.688157895,0.681578947,0.705263158,0.697368421
MiddlePhalanxOutlineAgeGroup,0.519480519,0.545454545,0.62987013,0.545454545,0.590909091,0.577922078,0.590909091,0.61038961,0.61038961,0.519480519,0.616883117,0.571428571,0.623376623,0.551948052,0.577922078,0.558441558,0.571428571,0.584415584,0.584415584,0.545454545,0.564935065,0.538961039,0.577922078,0.506493506,0.558441558,0.623376623,0.551948052,0.662337662,0.597402597,0.571428571,0.616883117,0.571428571,0.603896104,0.558441558,0.532467532,0.538961039,0.571428571,0.564935065,0.584415584,0.577922078,0.61038961,0.545454545,0.603896104,0.584415584,0.590909091,0.590909091,0.545454545,0.551948052,0.636363636,0.538961039,0.564935065,0.623376623,0.603896104,0.597402597,0.603896104,0.545454545,0.61038961,0.564935065,0.558441558,0.623376623,0.571428571,0.616883117,0.603896104,0.551948052,0.577922078,0.590909091,0.584415584,0.590909091,0.519480519,0.61038961,0.636363636,0.616883117,0.597402597,0.603896104,0.597402597,0.590909091,0.558441558,0.571428571,0.538961039,0.649350649,0.571428571,0.584415584,0.532467532,0.616883117,0.597402597,0.590909091,0.590909091,0.597402597,0.571428571,0.571428571,0.61038961,0.649350649,0.61038961,0.603896104,0.558441558,0.577922078,0.623376623,0.61038961,0.571428571,0.623376623
MiddlePhalanxOutlineCorrect,0.766323024,0.76975945,0.793814433,0.786941581,0.766323024,0.76975945,0.797250859,0.759450172,0.793814433,0.759450172,0.728522337,0.783505155,0.800687285,0.800687285,0.742268041,0.786941581,0.786941581,0.800687285,0.759450172,0.780068729,0.786941581,0.800687285,0.742268041,0.75257732,0.756013746,0.804123711,0.76975945,0.807560137,0.776632302,0.776632302,0.780068729,0.738831615,0.725085911,0.793814433,0.76975945,0.797250859,0.807560137,0.756013746,0.776632302,0.76975945,0.75257732,0.762886598,0.786941581,0.776632302,0.790378007,0.807560137,0.75257732,0.780068729,0.804123711,0.75257732,0.766323024,0.731958763,0.766323024,0.773195876,0.762886598,0.790378007,0.786941581,0.773195876,0.780068729,0.756013746,0.804123711,0.786941581,0.786941581,0.783505155,0.800687285,0.773195876,0.797250859,0.773195876,0.766323024,0.759450172,0.76975945,0.742268041,0.745704467,0.776632302,0.75257732,0.759450172,0.76975945,0.745704467,0.807560137,0.776632302,0.797250859,0.745704467,0.773195876,0.76975945,0.780068729,0.81443299,0.797250859,0.762886598,0.804123711,0.793814433,0.780068729,0.756013746,0.800687285,0.76975945,0.807560137,0.790378007,0.76975945,0.773195876,0.766323024,0.776632302
MiddlePhalanxTW,0.512987013,0.519480519,0.461038961,0.545454545,0.441558442,0.532467532,0.5,0.487012987,0.487012987,0.512987013,0.5,0.493506494,0.474025974,0.506493506,0.519480519,0.493506494,0.525974026,0.506493506,0.461038961,0.506493506,0.512987013,0.480519481,0.506493506,0.474025974,0.467532468,0.551948052,0.454545455,0.512987013,0.532467532,0.519480519,0.512987013,0.512987013,0.512987013,0.461038961,0.5,0.480519481,0.506493506,0.435064935,0.512987013,0.5,0.461038961,0.480519481,0.525974026,0.474025974,0.519480519,0.487012987,0.467532468,0.487012987,0.525974026,0.506493506,0.506493506,0.474025974,0.480519481,0.480519481,0.519480519,0.461038961,0.487012987,0.454545455,0.467532468,0.448051948,0.571428571,0.474025974,0.487012987,0.448051948,0.512987013,0.480519481,0.532467532,0.532467532,0.493506494,0.525974026,0.480519481,0.474025974,0.519480519,0.506493506,0.467532468,0.493506494,0.461038961,0.474025974,0.480519481,0.480519481,0.480519481,0.448051948,0.461038961,0.474025974,0.435064935,0.512987013,0.454545455,0.493506494,0.474025974,0.532467532,0.506493506,0.487012987,0.487012987,0.474025974,0.461038961,0.487012987,0.525974026,0.474025974,0.506493506,0.532467532
MoteStrain,0.878594249,0.892172524,0.878594249,0.883386581,0.85942492,0.784345048,0.875399361,0.880191693,0.876198083,0.803514377,0.883386581,0.900159744,0.842651757,0.849041534,0.916134185,0.848242812,0.837060703,0.829073482,0.849041534,0.899361022,0.883386581,0.8514377,0.881789137,0.900159744,0.882587859,0.829872204,0.882587859,0.903354633,0.805910543,0.77715655,0.901757188,0.85942492,0.876198083,0.902555911,0.860223642,0.879392971,0.919329073,0.79313099,0.854632588,0.843450479,0.861022364,0.892172524,0.868210863,0.879392971,0.869009585,0.853035144,0.896166134,0.891373802,0.880191693,0.796325879,0.896166134,0.876198083,0.906549521,0.827476038,0.892172524,0.865814696,0.841853035,0.897763578,0.849041534,0.82428115,0.883386581,0.862619808,0.85543131,0.865814696,0.840255591,0.912140575,0.884984026,0.830670927,0.867412141,0.900159744,0.901757188,0.861022364,0.86341853,0.841853035,0.853035144,0.865015974,0.876198083,0.807507987,0.845047923,0.813099042,0.844249201,0.896166134,0.892172524,0.888178914,0.787539936,0.822683706,0.865814696,0.892971246,0.904952077,0.876198083,0.837060703,0.884185304,0.846645367,0.861022364,0.920127796,0.904952077,0.878594249,0.874600639,0.89456869,0.876198083
NonInvasiveFatalECGThorax1,0.829007634,0.827480916,0.825445293,0.825445293,0.815776081,0.818320611,0.831043257,0.823409669,0.82697201,0.811195929,0.829516539,0.824936387,0.82697201,0.816793893,0.824427481,0.822391858,0.82086514,0.816284987,0.825445293,0.818320611,0.816284987,0.818320611,0.820356234,0.825445293,0.824936387,0.811704835,0.829516539,0.830025445,0.828498728,0.809669211,0.830534351,0.817811705,0.821882952,0.824427481,0.808651399,0.823409669,0.810178117,0.814249364,0.816793893,0.823918575,0.817811705,0.825954198,0.815267176,0.834096692,0.822900763,0.80610687,0.82086514,0.823918575,0.821374046,0.823409669,0.828498728,0.824427481,0.823918575,0.824936387,0.819338422,0.819847328,0.819847328,0.820356234,0.821882952,0.827989822,0.829516539,0.818829517,0.815267176,0.820356234,0.829516539,0.827989822,0.808651399,0.819338422,0.832569975,0.819338422,0.825954198,0.818829517,0.821374046,0.829516539,0.825954198,0.830025445,0.822391858,0.832061069,0.81221374,0.827480916,0.819847328,0.831552163,0.805597964,0.813231552,0.829007634,0.820356234,0.817811705,0.821374046,0.81475827,0.81475827,0.822391858,0.813231552,0.815776081,0.832061069,0.824427481,0.836641221,0.81475827,0.819338422,0.820356234,0.831552163
NonInvasiveFatalECGThorax2,0.879898219,0.890076336,0.895165394,0.894656489,0.888040712,0.88956743,0.896692112,0.890585242,0.887531807,0.887531807,0.892620865,0.895165394,0.887531807,0.881424936,0.896692112,0.899745547,0.883969466,0.888040712,0.882951654,0.886513995,0.900254453,0.882442748,0.890585242,0.896692112,0.896692112,0.892620865,0.890585242,0.890076336,0.8956743,0.890076336,0.893129771,0.88346056,0.87480916,0.892620865,0.882442748,0.891603053,0.878880407,0.890076336,0.893638677,0.886513995,0.894656489,0.883969466,0.886005089,0.892111959,0.884987277,0.888040712,0.889058524,0.894147583,0.87735369,0.888549618,0.88956743,0.886513995,0.890076336,0.888549618,0.882442748,0.891094148,0.892620865,0.88956743,0.888040712,0.884478372,0.888040712,0.899745547,0.887022901,0.88346056,0.891094148,0.872773537,0.888040712,0.893129771,0.880916031,0.888040712,0.88956743,0.886513995,0.893638677,0.8956743,0.884478372,0.889058524,0.891094148,0.887022901,0.88346056,0.887022901,0.888040712,0.890076336,0.885496183,0.88956743,0.88956743,0.881424936,0.882442748,0.88956743,0.891094148,0.884987277,0.890585242,0.882951654,0.890076336,0.888549618,0.891094148,0.886005089,0.892111959,0.881424936,0.888549618,0.906361323
OliveOil,0.866666667,0.866666667,0.866666667,0.9,0.866666667,0.866666667,0.9,0.9,0.866666667,0.833333333,0.833333333,0.9,0.933333333,0.9,0.9,0.866666667,0.933333333,0.866666667,0.866666667,0.866666667,0.9,0.866666667,0.8,0.9,0.966666667,0.9,0.866666667,0.866666667,0.866666667,0.933333333,0.9,0.866666667,0.933333333,0.933333333,0.966666667,0.9,0.9,0.9,0.9,0.866666667,0.933333333,0.9,0.833333333,0.833333333,0.866666667,0.833333333,0.866666667,0.8,0.866666667,0.9,0.866666667,0.833333333,0.9,0.866666667,0.9,0.933333333,0.866666667,0.866666667,0.9,0.733333333,0.9,0.833333333,0.9,0.9,0.866666667,0.966666667,0.833333333,0.866666667,0.866666667,0.833333333,0.833333333,0.833333333,0.933333333,0.933333333,0.866666667,0.866666667,0.833333333,0.866666667,0.833333333,0.866666667,0.866666667,0.833333333,0.9,0.9,0.8,0.9,0.766666667,0.9,0.9,0.9,0.866666667,0.933333333,0.9,0.833333333,0.866666667,0.9,0.833333333,0.933333333,0.833333333,0.9
OSULeaf,0.520661157,0.566115702,0.549586777,0.553719008,0.599173554,0.55785124,0.58677686,0.636363636,0.574380165,0.553719008,0.570247934,0.549586777,0.52892562,0.599173554,0.566115702,0.533057851,0.578512397,0.578512397,0.58677686,0.561983471,0.578512397,0.578512397,0.619834711,0.595041322,0.574380165,0.537190083,0.561983471,0.590909091,0.636363636,0.541322314,0.590909091,0.582644628,0.623966942,0.55785124,0.533057851,0.590909091,0.607438017,0.582644628,0.599173554,0.582644628,0.55785124,0.578512397,0.590909091,0.516528926,0.603305785,0.574380165,0.58677686,0.611570248,0.603305785,0.582644628,0.545454545,0.561983471,0.541322314,0.582644628,0.537190083,0.55785124,0.566115702,0.561983471,0.566115702,0.599173554,0.599173554,0.541322314,0.55785124,0.561983471,0.582644628,0.603305785,0.574380165,0.58677686,0.524793388,0.549586777,0.55785124,0.58677686,0.582644628,0.607438017,0.58677686,0.553719008,0.55785124,0.561983471,0.549586777,0.590909091,0.607438017,0.553719008,0.55785124,0.545454545,0.615702479,0.566115702,0.549586777,0.578512397,0.599173554,0.545454545,0.582644628,0.582644628,0.619834711,0.549586777,0.570247934,0.607438017,0.549586777,0.533057851,0.58677686,0.549586777
PhalangesOutlinesCorrect,0.761072261,0.769230769,0.778554779,0.765734266,0.764568765,0.776223776,0.749417249,0.775058275,0.754079254,0.772727273,0.757575758,0.768065268,0.768065268,0.77972028,0.762237762,0.773892774,0.750582751,0.766899767,0.771561772,0.754079254,0.754079254,0.77039627,0.754079254,0.783216783,0.762237762,0.764568765,0.768065268,0.782051282,0.793706294,0.762237762,0.773892774,0.780885781,0.765734266,0.758741259,0.761072261,0.755244755,0.758741259,0.780885781,0.785547786,0.766899767,0.762237762,0.778554779,0.768065268,0.761072261,0.778554779,0.782051282,0.778554779,0.77039627,0.780885781,0.77972028,0.766899767,0.757575758,0.749417249,0.773892774,0.77039627,0.787878788,0.769230769,0.782051282,0.754079254,0.769230769,0.745920746,0.778554779,0.764568765,0.755244755,0.77972028,0.757575758,0.754079254,0.763403263,0.787878788,0.756410256,0.749417249,0.773892774,0.768065268,0.758741259,0.757575758,0.765734266,0.766899767,0.784382284,0.79020979,0.771561772,0.75990676,0.761072261,0.771561772,0.772727273,0.768065268,0.762237762,0.75990676,0.764568765,0.77972028,0.766899767,0.757575758,0.758741259,0.764568765,0.787878788,0.773892774,0.75990676,0.77039627,0.782051282,0.757575758,0.772727273
Phoneme,0.109177215,0.100738397,0.095991561,0.106012658,0.101265823,0.106012658,0.109704641,0.101793249,0.103375527,0.106012658,0.10443038,0.11128692,0.111814346,0.101793249,0.109704641,0.096518987,0.120253165,0.102848101,0.106540084,0.103902954,0.087552743,0.098101266,0.112869198,0.102848101,0.103375527,0.110759494,0.108122363,0.116033755,0.10443038,0.102848101,0.091244726,0.10021097,0.100738397,0.121835443,0.100738397,0.094936709,0.099683544,0.110232068,0.10443038,0.11128692,0.094936709,0.101793249,0.115506329,0.09335443,0.098628692,0.095991561,0.104957806,0.100738397,0.110759494,0.099156118,0.103375527,0.102320675,0.101793249,0.09757384,0.102848101,0.098101266,0.101793249,0.098101266,0.098101266,0.098101266,0.10443038,0.107594937,0.102320675,0.106540084,0.095991561,0.101265823,0.106012658,0.114451477,0.10021097,0.09757384,0.103902954,0.104957806,0.109704641,0.110232068,0.092827004,0.092299578,0.108122363,0.107594937,0.113396624,0.113396624,0.098101266,0.092827004,0.11128692,0.103902954,0.097046414,0.107594937,0.103902954,0.110759494,0.103375527,0.109704641,0.105485232,0.093881857,0.110232068,0.103902954,0.114978903,0.102320675,0.113924051,0.098101266,0.09757384,0.108649789
Plane,0.961904762,0.99047619,0.942857143,0.952380952,0.99047619,0.971428571,0.980952381,0.961904762,0.971428571,0.971428571,0.971428571,0.971428571,0.961904762,0.99047619,0.99047619,0.971428571,0.971428571,0.952380952,0.961904762,0.980952381,0.952380952,0.961904762,0.952380952,0.961904762,0.971428571,0.980952381,0.99047619,0.971428571,0.980952381,0.952380952,0.99047619,0.980952381,0.952380952,0.971428571,0.952380952,0.971428571,0.952380952,0.961904762,0.961904762,0.971428571,0.952380952,0.99047619,0.961904762,0.961904762,0.952380952,0.971428571,0.961904762,0.961904762,0.961904762,0.961904762,0.952380952,0.961904762,0.980952381,0.961904762,0.942857143,0.961904762,0.952380952,0.971428571,0.99047619,0.980952381,0.971428571,0.961904762,0.961904762,0.980952381,0.971428571,0.961904762,0.914285714,0.952380952,0.980952381,0.99047619,0.971428571,0.952380952,0.980952381,0.980952381,0.952380952,0.971428571,0.961904762,0.980952381,0.961904762,0.971428571,0.942857143,0.971428571,0.952380952,0.99047619,0.980952381,0.971428571,0.952380952,0.971428571,0.961904762,0.952380952,0.952380952,0.961904762,0.980952381,0.980952381,0.980952381,0.961904762,0.952380952,0.980952381,0.971428571,0.961904762
ProximalPhalanxOutlineAgeGroup,0.785365854,0.76097561,0.76097561,0.814634146,0.746341463,0.775609756,0.814634146,0.770731707,0.756097561,0.751219512,0.824390244,0.785365854,0.8,0.8,0.795121951,0.780487805,0.726829268,0.741463415,0.751219512,0.770731707,0.770731707,0.756097561,0.780487805,0.775609756,0.804878049,0.770731707,0.72195122,0.790243902,0.780487805,0.76097561,0.790243902,0.76097561,0.8,0.814634146,0.72195122,0.770731707,0.795121951,0.770731707,0.76097561,0.804878049,0.775609756,0.746341463,0.756097561,0.775609756,0.795121951,0.780487805,0.780487805,0.751219512,0.736585366,0.770731707,0.726829268,0.775609756,0.731707317,0.785365854,0.785365854,0.746341463,0.76097561,0.804878049,0.76097561,0.770731707,0.8,0.76097561,0.756097561,0.756097561,0.746341463,0.756097561,0.736585366,0.751219512,0.76097561,0.741463415,0.814634146,0.731707317,0.775609756,0.741463415,0.726829268,0.780487805,0.76097561,0.775609756,0.775609756,0.751219512,0.790243902,0.736585366,0.76097561,0.76097561,0.775609756,0.8,0.814634146,0.785365854,0.795121951,0.785365854,0.770731707,0.785365854,0.785365854,0.770731707,0.770731707,0.756097561,0.751219512,0.756097561,0.736585366,0.741463415
ProximalPhalanxOutlineCorrect,0.807560137,0.804123711,0.81443299,0.824742268,0.821305842,0.821305842,0.783505155,0.790378007,0.828178694,0.848797251,0.817869416,0.824742268,0.841924399,0.817869416,0.797250859,0.810996564,0.817869416,0.838487973,0.821305842,0.824742268,0.821305842,0.845360825,0.810996564,0.797250859,0.797250859,0.81443299,0.817869416,0.821305842,0.807560137,0.81443299,0.821305842,0.810996564,0.807560137,0.797250859,0.810996564,0.845360825,0.766323024,0.807560137,0.810996564,0.824742268,0.793814433,0.807560137,0.81443299,0.810996564,0.804123711,0.817869416,0.848797251,0.862542955,0.817869416,0.804123711,0.828178694,0.824742268,0.807560137,0.793814433,0.800687285,0.793814433,0.838487973,0.821305842,0.817869416,0.807560137,0.810996564,0.821305842,0.838487973,0.804123711,0.835051546,0.835051546,0.838487973,0.852233677,0.807560137,0.81443299,0.807560137,0.855670103,0.817869416,0.810996564,0.804123711,0.824742268,0.783505155,0.797250859,0.800687285,0.835051546,0.81443299,0.797250859,0.804123711,0.810996564,0.821305842,0.81443299,0.848797251,0.845360825,0.838487973,0.828178694,0.83161512,0.81443299,0.817869416,0.828178694,0.83161512,0.83161512,0.838487973,0.76975945,0.835051546,0.883161512
ProximalPhalanxTW,0.707317073,0.726829268,0.72195122,0.731707317,0.717073171,0.726829268,0.707317073,0.731707317,0.697560976,0.751219512,0.707317073,0.702439024,0.756097561,0.731707317,0.780487805,0.72195122,0.67804878,0.731707317,0.765853659,0.707317073,0.717073171,0.687804878,0.741463415,0.712195122,0.692682927,0.736585366,0.726829268,0.736585366,0.751219512,0.692682927,0.692682927,0.702439024,0.731707317,0.702439024,0.72195122,0.746341463,0.702439024,0.717073171,0.726829268,0.717073171,0.72195122,0.682926829,0.741463415,0.707317073,0.687804878,0.712195122,0.746341463,0.712195122,0.741463415,0.717073171,0.707317073,0.717073171,0.673170732,0.712195122,0.692682927,0.663414634,0.707317073,0.687804878,0.668292683,0.692682927,0.712195122,0.697560976,0.72195122,0.692682927,0.697560976,0.736585366,0.731707317,0.712195122,0.692682927,0.697560976,0.712195122,0.692682927,0.692682927,0.687804878,0.731707317,0.687804878,0.741463415,0.697560976,0.692682927,0.736585366,0.726829268,0.702439024,0.751219512,0.736585366,0.697560976,0.717073171,0.751219512,0.702439024,0.717073171,0.717073171,0.717073171,0.697560976,0.658536585,0.67804878,0.687804878,0.697560976,0.697560976,0.726829268,0.726829268,0.717073171
RefrigerationDevices,0.394666667,0.437333333,0.405333333,0.410666667,0.448,0.405333333,0.432,0.416,0.432,0.434666667,0.413333333,0.413333333,0.416,0.397333333,0.432,0.450666667,0.456,0.394666667,0.418666667,0.437333333,0.472,0.416,0.413333333,0.432,0.434666667,0.429333333,0.410666667,0.413333333,0.408,0.461333333,0.413333333,0.392,0.408,0.416,0.464,0.397333333,0.493333333,0.429333333,0.4,0.426666667,0.429333333,0.421333333,0.434666667,0.442666667,0.426666667,0.416,0.4,0.44,0.445333333,0.370666667,0.421333333,0.424,0.410666667,0.429333333,0.458666667,0.424,0.386666667,0.437333333,0.429333333,0.416,0.44,0.448,0.416,0.442666667,0.456,0.421333333,0.44,0.429333333,0.448,0.432,0.424,0.424,0.437333333,0.44,0.442666667,0.408,0.448,0.408,0.416,0.464,0.424,0.405333333,0.424,0.450666667,0.418666667,0.442666667,0.381333333,0.434666667,0.424,0.429333333,0.392,0.429333333,0.421333333,0.397333333,0.445333333,0.413333333,0.442666667,0.405333333,0.421333333,0.445333333
ScreenType,0.36,0.472,0.448,0.437333333,0.424,0.402666667,0.469333333,0.418666667,0.429333333,0.450666667,0.469333333,0.464,0.437333333,0.392,0.424,0.416,0.402666667,0.434666667,0.426666667,0.448,0.386666667,0.434666667,0.413333333,0.429333333,0.394666667,0.488,0.421333333,0.445333333,0.437333333,0.432,0.456,0.426666667,0.421333333,0.432,0.482666667,0.429333333,0.426666667,0.410666667,0.437333333,0.458666667,0.466666667,0.482666667,0.442666667,0.466666667,0.458666667,0.416,0.424,0.424,0.397333333,0.434666667,0.389333333,0.448,0.421333333,0.448,0.421333333,0.429333333,0.442666667,0.394666667,0.472,0.442666667,0.448,0.474666667,0.450666667,0.448,0.421333333,0.445333333,0.413333333,0.448,0.448,0.421333333,0.368,0.418666667,0.474666667,0.413333333,0.458666667,0.432,0.410666667,0.461333333,0.384,0.408,0.408,0.434666667,0.434666667,0.458666667,0.456,0.426666667,0.421333333,0.418666667,0.424,0.434666667,0.405333333,0.482666667,0.394666667,0.384,0.44,0.437333333,0.405333333,0.442666667,0.421333333,0.450666667
ShapeletSim,0.538888889,0.494444444,0.527777778,0.538888889,0.527777778,0.511111111,0.472222222,0.483333333,0.505555556,0.538888889,0.511111111,0.516666667,0.5,0.516666667,0.527777778,0.488888889,0.516666667,0.477777778,0.461111111,0.494444444,0.544444444,0.494444444,0.466666667,0.494444444,0.516666667,0.505555556,0.494444444,0.511111111,0.511111111,0.477777778,0.488888889,0.405555556,0.577777778,0.55,0.477777778,0.483333333,0.494444444,0.466666667,0.538888889,0.438888889,0.45,0.522222222,0.527777778,0.516666667,0.511111111,0.411111111,0.572222222,0.444444444,0.494444444,0.427777778,0.472222222,0.516666667,0.494444444,0.522222222,0.55,0.538888889,0.522222222,0.561111111,0.45,0.6,0.483333333,0.466666667,0.494444444,0.472222222,0.505555556,0.511111111,0.416666667,0.588888889,0.55,0.522222222,0.511111111,0.472222222,0.538888889,0.538888889,0.544444444,0.522222222,0.5,0.472222222,0.472222222,0.505555556,0.544444444,0.516666667,0.483333333,0.527777778,0.611111111,0.45,0.516666667,0.516666667,0.477777778,0.5,0.488888889,0.527777778,0.455555556,0.516666667,0.516666667,0.488888889,0.555555556,0.577777778,0.427777778,0.505555556
ShapesAll,0.751666667,0.755,0.738333333,0.76,0.76,0.748333333,0.728333333,0.751666667,0.736666667,0.743333333,0.733333333,0.755,0.76,0.761666667,0.765,0.751666667,0.765,0.733333333,0.763333333,0.755,0.783333333,0.758333333,0.748333333,0.761666667,0.76,0.765,0.77,0.761666667,0.746666667,0.765,0.773333333,0.758333333,0.743333333,0.761666667,0.748333333,0.771666667,0.751666667,0.74,0.745,0.756666667,0.765,0.761666667,0.74,0.746666667,0.761666667,0.745,0.726666667,0.781666667,0.723333333,0.745,0.741666667,0.748333333,0.731666667,0.76,0.743333333,0.73,0.778333333,0.728333333,0.72,0.751666667,0.771666667,0.756666667,0.775,0.74,0.79,0.763333333,0.768333333,0.765,0.745,0.735,0.751666667,0.755,0.753333333,0.78,0.728333333,0.751666667,0.756666667,0.756666667,0.75,0.758333333,0.785,0.75,0.761666667,0.733333333,0.75,0.753333333,0.763333333,0.75,0.75,0.74,0.76,0.78,0.758333333,0.766666667,0.743333333,0.746666667,0.745,0.771666667,0.756666667,0.756666667
SmallKitchenAppliances,0.344,0.357333333,0.408,0.365333333,0.357333333,0.341333333,0.365333333,0.370666667,0.378666667,0.368,0.354666667,0.352,0.341333333,0.357333333,0.365333333,0.376,0.373333333,0.373333333,0.352,0.352,0.370666667,0.352,0.357333333,0.365333333,0.349333333,0.354666667,0.368,0.362666667,0.357333333,0.402666667,0.397333333,0.392,0.36,0.381333333,0.386666667,0.376,0.392,0.384,0.349333333,0.365333333,0.416,0.362666667,0.36,0.344,0.397333333,0.378666667,0.373333333,0.384,0.36,0.336,0.36,0.418666667,0.378666667,0.370666667,0.365333333,0.354666667,0.354666667,0.344,0.346666667,0.4,0.384,0.344,0.354666667,0.365333333,0.392,0.36,0.392,0.357333333,0.394666667,0.349333333,0.384,0.362666667,0.397333333,0.352,0.378666667,0.392,0.376,0.402666667,0.365333333,0.352,0.378666667,0.389333333,0.349333333,0.368,0.365333333,0.405333333,0.378666667,0.376,0.336,0.378666667,0.370666667,0.333333333,0.328,0.381333333,0.416,0.352,0.368,0.405333333,0.368,0.378666667
SonyAIBORobotSurface1,0.695507488,0.738768719,0.758735441,0.740432612,0.820299501,0.785357737,0.900166389,0.760399334,0.820299501,0.767054908,0.795341098,0.768718802,0.785357737,0.722129784,0.858569052,0.866888519,0.861896839,0.818635607,0.723793677,0.703826955,0.875207987,0.745424293,0.835274542,0.775374376,0.823627288,0.806988353,0.828618968,0.768718802,0.861896839,0.745424293,0.858569052,0.762063228,0.760399334,0.647254576,0.783693844,0.735440932,0.788685524,0.826955075,0.806988353,0.768718802,0.825291181,0.737104825,0.856905158,0.845257903,0.835274542,0.775374376,0.737104825,0.712146423,0.713810316,0.820299501,0.825291181,0.600665557,0.780366057,0.848585691,0.670549085,0.775374376,0.811980033,0.790349418,0.860232945,0.71547421,0.81530782,0.853577371,0.8718802,0.825291181,0.841930116,0.702163062,0.845257903,0.700499168,0.762063228,0.806988353,0.775374376,0.850249584,0.790349418,0.743760399,0.830282862,0.883527454,0.863560732,0.728785358,0.712146423,0.826955075,0.758735441,0.853577371,0.78202995,0.737104825,0.787021631,0.740432612,0.792013311,0.772046589,0.737104825,0.770382696,0.667221298,0.730449251,0.750415973,0.813643927,0.820299501,0.792013311,0.762063228,0.767054908,0.835274542,0.768718802
SonyAIBORobotSurface2,0.859391396,0.81636936,0.869884575,0.864637985,0.867785939,0.900314795,0.838405037,0.877229801,0.884575026,0.912906611,0.831059811,0.870933893,0.873032529,0.84679958,0.886673662,0.881427072,0.85729276,0.888772298,0.809024134,0.855194124,0.814270724,0.865687303,0.823714586,0.843651626,0.891920252,0.877229801,0.866736621,0.861490031,0.85729276,0.877229801,0.848898216,0.85204617,0.799580273,0.84679958,0.862539349,0.828961175,0.85204617,0.864637985,0.900314795,0.767051417,0.853095488,0.848898216,0.848898216,0.883525708,0.881427072,0.870933893,0.818467996,0.888772298,0.798530955,0.884575026,0.837355719,0.85729276,0.866736621,0.763903463,0.813221406,0.850996852,0.856243442,0.868835257,0.830010493,0.813221406,0.786988458,0.77544596,0.881427072,0.849947534,0.881427072,0.877229801,0.870933893,0.842602308,0.855194124,0.774396642,0.859391396,0.868835257,0.871983211,0.845750262,0.845750262,0.835257083,0.845750262,0.85729276,0.890870934,0.873032529,0.897166842,0.876180483,0.891920252,0.856243442,0.88247639,0.869884575,0.824763903,0.85204617,0.840503673,0.871983211,0.869884575,0.862539349,0.877229801,0.840503673,0.817418678,0.894018888,0.838405037,0.841552991,0.88772298,0.881427072
StarlightCurves,0.848834386,0.858183584,0.866682856,0.855026712,0.849562895,0.848470131,0.852476931,0.845191841,0.828800389,0.855390966,0.852112676,0.841427878,0.855633803,0.846163186,0.840092278,0.854419621,0.847377368,0.849077222,0.842763477,0.860126275,0.858912093,0.864011656,0.84191355,0.843613405,0.838756678,0.859276348,0.85915493,0.85976202,0.84919864,0.861583293,0.858426421,0.852719767,0.851019913,0.860126275,0.849320058,0.862797475,0.853448276,0.841427878,0.858669257,0.851748422,0.869961146,0.85381253,0.85381253,0.86109762,0.856969403,0.852234094,0.864861583,0.864375911,0.854783876,0.859640602,0.84592035,0.85320544,0.857697912,0.868746965,0.836692569,0.854055367,0.854662458,0.85514813,0.848955804,0.867411365,0.861461875,0.847984458,0.862311802,0.844827586,0.857697912,0.848470131,0.852962603,0.856605148,0.844706168,0.839728023,0.861704711,0.854298203,0.850777076,0.843491986,0.866318601,0.851505585,0.843856241,0.851019913,0.85514813,0.859276348,0.851627003,0.843734823,0.843006314,0.849805731,0.865225838,0.854419621,0.859640602,0.845313259,0.859640602,0.864861583,0.843856241,0.866682856,0.850291404,0.85186984,0.849805731,0.849927149,0.858305002,0.84324915,0.856847984,0.861826129
Strawberry,0.945945946,0.956756757,0.951351351,0.948648649,0.959459459,0.954054054,0.954054054,0.92972973,0.964864865,0.954054054,0.951351351,0.932432432,0.948648649,0.943243243,0.959459459,0.967567568,0.943243243,0.962162162,0.962162162,0.983783784,0.945945946,0.967567568,0.951351351,0.959459459,0.959459459,0.954054054,0.959459459,0.959459459,0.959459459,0.951351351,0.964864865,0.959459459,0.948648649,0.951351351,0.962162162,0.972972973,0.964864865,0.956756757,0.975675676,0.954054054,0.972972973,0.943243243,0.954054054,0.945945946,0.943243243,0.962162162,0.935135135,0.962162162,0.951351351,0.975675676,0.951351351,0.956756757,0.967567568,0.97027027,0.959459459,0.97027027,0.956756757,0.978378378,0.937837838,0.962162162,0.959459459,0.962162162,0.962162162,0.943243243,0.945945946,0.97027027,0.962162162,0.945945946,0.97027027,0.948648649,0.948648649,0.954054054,0.956756757,0.956756757,0.962162162,0.959459459,0.948648649,0.954054054,0.962162162,0.948648649,0.956756757,0.964864865,0.964864865,0.964864865,0.940540541,0.935135135,0.943243243,0.943243243,0.956756757,0.948648649,0.959459459,0.964864865,0.964864865,0.945945946,0.940540541,0.954054054,0.956756757,0.948648649,0.97027027,0.954054054
SwedishLeaf,0.7888,0.7568,0.7936,0.7712,0.776,0.7776,0.7936,0.744,0.7888,0.7504,0.784,0.7728,0.784,0.7664,0.7504,0.7776,0.7808,0.7568,0.7664,0.7776,0.7696,0.792,0.7584,0.7568,0.7744,0.7632,0.7904,0.7776,0.7904,0.7808,0.7824,0.7616,0.7568,0.7504,0.7696,0.7664,0.776,0.768,0.7808,0.7648,0.7776,0.752,0.784,0.768,0.7664,0.7808,0.7744,0.8048,0.768,0.7568,0.728,0.7616,0.7728,0.8032,0.7584,0.7648,0.7712,0.776,0.7776,0.7536,0.7808,0.776,0.7504,0.8,0.776,0.776,0.7904,0.776,0.752,0.7776,0.784,0.7616,0.7856,0.7552,0.7696,0.7968,0.7424,0.7776,0.7648,0.7584,0.7888,0.7904,0.7792,0.7728,0.7584,0.7344,0.7616,0.768,0.7728,0.7888,0.8096,0.7744,0.7616,0.7504,0.7904,0.7728,0.736,0.7648,0.76,0.7936
Symbols,0.899497487,0.866331658,0.87839196,0.873366834,0.898492462,0.891457286,0.899497487,0.868341709,0.865326633,0.866331658,0.896482412,0.891457286,0.87638191,0.883417085,0.887437186,0.871356784,0.862311558,0.908542714,0.874371859,0.910552764,0.892462312,0.908542714,0.892462312,0.900502513,0.902512563,0.761809045,0.91959799,0.902512563,0.891457286,0.875376884,0.888442211,0.891457286,0.892462312,0.874371859,0.908542714,0.856281407,0.791959799,0.88040201,0.872361809,0.829145729,0.899497487,0.860301508,0.88040201,0.862311558,0.862311558,0.791959799,0.928643216,0.864321608,0.79798995,0.821105528,0.865326633,0.806030151,0.868341709,0.884422111,0.852261307,0.871356784,0.879396985,0.899497487,0.853266332,0.87638191,0.906532663,0.833165829,0.879396985,0.871356784,0.911557789,0.858291457,0.895477387,0.885427136,0.908542714,0.897487437,0.877386935,0.849246231,0.864321608,0.833165829,0.884422111,0.825125628,0.92361809,0.888442211,0.91758794,0.821105528,0.897487437,0.910552764,0.856281407,0.904522613,0.892462312,0.844221106,0.905527638,0.912562814,0.913567839,0.915577889,0.905527638,0.914572864,0.87638191,0.831155779,0.879396985,0.781909548,0.92361809,0.889447236,0.88241206,0.840201005
SyntheticControl,0.88,0.903333333,0.896666667,0.93,0.92,0.893333333,0.87,0.896666667,0.886666667,0.916666667,0.893333333,0.906666667,0.913333333,0.913333333,0.893333333,0.893333333,0.896666667,0.886666667,0.93,0.886666667,0.906666667,0.913333333,0.896666667,0.9,0.923333333,0.906666667,0.926666667,0.893333333,0.903333333,0.913333333,0.866666667,0.9,0.896666667,0.913333333,0.89,0.913333333,0.896666667,0.906666667,0.893333333,0.906666667,0.906666667,0.91,0.916666667,0.9,0.893333333,0.92,0.883333333,0.91,0.933333333,0.91,0.893333333,0.92,0.91,0.893333333,0.89,0.893333333,0.876666667,0.91,0.9,0.876666667,0.89,0.883333333,0.91,0.913333333,0.89,0.903333333,0.916666667,0.903333333,0.903333333,0.9,0.92,0.923333333,0.903333333,0.893333333,0.906666667,0.89,0.926666667,0.91,0.91,0.926666667,0.9,0.89,0.893333333,0.896666667,0.92,0.89,0.906666667,0.9,0.89,0.903333333,0.91,0.9,0.886666667,0.916666667,0.89,0.91,0.896666667,0.92,0.923333333,0.9
ToeSegmentation1,0.679824561,0.627192982,0.552631579,0.495614035,0.640350877,0.609649123,0.622807018,0.653508772,0.583333333,0.649122807,0.675438596,0.657894737,0.592105263,0.578947368,0.644736842,0.605263158,0.635964912,0.622807018,0.570175439,0.614035088,0.578947368,0.600877193,0.640350877,0.635964912,0.618421053,0.600877193,0.596491228,0.644736842,0.618421053,0.631578947,0.557017544,0.609649123,0.596491228,0.587719298,0.596491228,0.596491228,0.622807018,0.548245614,0.557017544,0.609649123,0.684210526,0.635964912,0.600877193,0.552631579,0.627192982,0.666666667,0.657894737,0.614035088,0.600877193,0.552631579,0.600877193,0.657894737,0.622807018,0.592105263,0.578947368,0.574561404,0.574561404,0.640350877,0.592105263,0.548245614,0.701754386,0.649122807,0.662280702,0.622807018,0.574561404,0.679824561,0.653508772,0.614035088,0.561403509,0.614035088,0.614035088,0.657894737,0.618421053,0.565789474,0.622807018,0.649122807,0.557017544,0.600877193,0.662280702,0.627192982,0.614035088,0.653508772,0.622807018,0.622807018,0.600877193,0.570175439,0.596491228,0.570175439,0.587719298,0.614035088,0.570175439,0.592105263,0.570175439,0.618421053,0.697368421,0.565789474,0.627192982,0.627192982,0.592105263,0.640350877
ToeSegmentation2,0.807692308,0.792307692,0.830769231,0.846153846,0.846153846,0.753846154,0.807692308,0.707692308,0.8,0.746153846,0.7,0.838461538,0.838461538,0.823076923,0.707692308,0.830769231,0.723076923,0.807692308,0.746153846,0.869230769,0.823076923,0.761538462,0.807692308,0.807692308,0.746153846,0.807692308,0.830769231,0.853846154,0.730769231,0.746153846,0.738461538,0.792307692,0.815384615,0.761538462,0.807692308,0.746153846,0.807692308,0.792307692,0.692307692,0.738461538,0.761538462,0.784615385,0.776923077,0.807692308,0.853846154,0.746153846,0.761538462,0.846153846,0.761538462,0.784615385,0.723076923,0.815384615,0.815384615,0.807692308,0.792307692,0.738461538,0.846153846,0.8,0.753846154,0.769230769,0.869230769,0.838461538,0.792307692,0.815384615,0.776923077,0.769230769,0.761538462,0.807692308,0.638461538,0.815384615,0.838461538,0.830769231,0.8,0.892307692,0.676923077,0.676923077,0.684615385,0.823076923,0.684615385,0.815384615,0.669230769,0.807692308,0.792307692,0.807692308,0.753846154,0.730769231,0.769230769,0.607692308,0.753846154,0.815384615,0.784615385,0.784615385,0.784615385,0.784615385,0.784615385,0.715384615,0.723076923,0.815384615,0.846153846,0.784615385
Trace,0.76,0.81,0.74,0.75,0.77,0.79,0.8,0.75,0.77,0.76,0.78,0.8,0.75,0.8,0.71,0.81,0.77,0.74,0.76,0.71,0.81,0.75,0.78,0.82,0.82,0.82,0.78,0.8,0.75,0.78,0.78,0.66,0.72,0.83,0.86,0.8,0.79,0.79,0.76,0.77,0.79,0.73,0.8,0.78,0.79,0.72,0.75,0.72,0.79,0.77,0.75,0.75,0.79,0.82,0.78,0.81,0.81,0.71,0.78,0.78,0.79,0.77,0.8,0.7,0.76,0.76,0.78,0.76,0.79,0.78,0.8,0.83,0.84,0.78,0.77,0.73,0.76,0.83,0.79,0.78,0.79,0.75,0.83,0.82,0.8,0.77,0.75,0.73,0.74,0.79,0.82,0.84,0.79,0.8,0.82,0.81,0.79,0.79,0.77,0.79
TwoLeadECG,0.74714662,0.819139596,0.719929763,0.640035119,0.694468832,0.697980685,0.774363477,0.74714662,0.78928885,0.752414399,0.729587357,0.777875329,0.785776997,0.738366989,0.699736611,0.791922739,0.755926251,0.741000878,0.762071993,0.806848112,0.707638279,0.684811238,0.712906058,0.819139596,0.745390694,0.680421422,0.676031607,0.76119403,0.675153644,0.853380158,0.763827919,0.784021071,0.63476734,0.68832309,0.729587357,0.787532924,0.679543459,0.70500439,0.73309921,0.667251975,0.776119403,0.709394205,0.721685689,0.687445127,0.798068481,0.710272169,0.705882353,0.729587357,0.787532924,0.746268657,0.81738367,0.707638279,0.670763828,0.750658472,0.743634767,0.785776997,0.727831431,0.728709394,0.647936787,0.708516242,0.70500439,0.737489025,0.734855136,0.769095698,0.709394205,0.654082529,0.671641791,0.750658472,0.724319579,0.776119403,0.675153644,0.752414399,0.764705882,0.827919227,0.768217735,0.66286216,0.760316067,0.695346795,0.74714662,0.755048288,0.675153644,0.737489025,0.714661984,0.70500439,0.706760316,0.750658472,0.740122915,0.710272169,0.714661984,0.846356453,0.745390694,0.754170325,0.685689201,0.76119403,0.725197542,0.762949956,0.647936787,0.821773486,0.75856014,0.759438104
TwoPatterns,0.90675,0.9025,0.896,0.909,0.904,0.91075,0.914,0.90125,0.91275,0.90975,0.89675,0.91125,0.90125,0.90275,0.9115,0.91525,0.89875,0.90775,0.90525,0.902,0.9,0.9155,0.9065,0.90175,0.90375,0.9105,0.9075,0.912,0.90475,0.90575,0.89925,0.9045,0.90575,0.916,0.897,0.90525,0.91325,0.915,0.904,0.90675,0.90525,0.89875,0.8985,0.904,0.91,0.89,0.8985,0.9025,0.90225,0.91,0.90575,0.914,0.9115,0.8975,0.9035,0.9065,0.9135,0.9015,0.9015,0.9095,0.90825,0.902,0.918,0.901,0.903,0.9055,0.896,0.909,0.901,0.905,0.91475,0.91125,0.906,0.911,0.90625,0.90525,0.9065,0.90075,0.90775,0.91925,0.90775,0.90475,0.90625,0.90175,0.91475,0.9165,0.909,0.91225,0.9105,0.90475,0.90925,0.8905,0.89575,0.906,0.8975,0.9025,0.90125,0.90975,0.9085,0.9095
UWaveGestureLibraryAll,0.948073702,0.942490229,0.945281965,0.940815187,0.945281965,0.949190396,0.946119486,0.942769403,0.947794528,0.945840313,0.948073702,0.942490229,0.941094361,0.944165271,0.944165271,0.942211055,0.939977666,0.943886097,0.938860972,0.947515355,0.947236181,0.933835846,0.949190396,0.934394193,0.939698492,0.94332775,0.948911223,0.945840313,0.94025684,0.939977666,0.942211055,0.938023451,0.947515355,0.949190396,0.942490229,0.948073702,0.939140145,0.938302624,0.945840313,0.938302624,0.940536013,0.941652708,0.946677834,0.945002792,0.948073702,0.943606924,0.934673367,0.94639866,0.945840313,0.95254048,0.944723618,0.952261307,0.943606924,0.941373534,0.937744277,0.946957007,0.941652708,0.942211055,0.941373534,0.934673367,0.942211055,0.938581798,0.94332775,0.945281965,0.939698492,0.938860972,0.945002792,0.94025684,0.945002792,0.947515355,0.943048576,0.943048576,0.948352875,0.939698492,0.940536013,0.943606924,0.945281965,0.939977666,0.948632049,0.950865438,0.943606924,0.94025684,0.936627582,0.944723618,0.940536013,0.943048576,0.946119486,0.938860972,0.943886097,0.941652708,0.948911223,0.945002792,0.947236181,0.935510888,0.943886097,0.94332775,0.938023451,0.935510888,0.945561139,0.947236181
UWaveGestureLibraryX,0.739251815,0.730597432,0.738414294,0.745672808,0.745951982,0.739251815,0.74958124,0.737576773,0.743718593,0.745951982,0.740368509,0.734505863,0.748743719,0.735901731,0.736739252,0.740368509,0.744835288,0.735622557,0.732272473,0.740368509,0.739810162,0.74734785,0.729201563,0.737297599,0.748464545,0.737855946,0.741485204,0.742881072,0.72892239,0.726409827,0.750139587,0.743997767,0.738972641,0.749860413,0.751256281,0.736739252,0.743997767,0.743997767,0.737576773,0.743160246,0.743160246,0.737018425,0.738414294,0.740089336,0.737297599,0.735343384,0.747906198,0.732830821,0.729480737,0.731155779,0.742322725,0.741485204,0.742043551,0.740368509,0.730318258,0.731714126,0.737576773,0.733947515,0.740089336,0.737576773,0.740926857,0.736739252,0.736180905,0.735343384,0.735622557,0.740647683,0.749860413,0.741764377,0.745951982,0.75041876,0.742043551,0.732551647,0.747906198,0.732272473,0.74120603,0.740089336,0.746510329,0.729759911,0.744556114,0.735343384,0.745114461,0.737855946,0.742881072,0.729480737,0.742043551,0.742043551,0.745393635,0.740926857,0.743997767,0.743718593,0.74734785,0.737018425,0.740368509,0.734785036,0.725293132,0.74427694,0.736180905,0.731714126,0.736739252,0.742322725
UWaveGestureLibraryY,0.661641541,0.657453936,0.659687326,0.660245673,0.671691792,0.657174763,0.664154104,0.669737577,0.664433277,0.66387493,0.671133445,0.678671133,0.668062535,0.669179229,0.682858738,0.664154104,0.653824679,0.667225014,0.671412619,0.662479062,0.667783361,0.662199888,0.662758236,0.671412619,0.675041876,0.674204355,0.671970966,0.66694584,0.667504188,0.668062535,0.664991625,0.671412619,0.668620882,0.662758236,0.6546622,0.662479062,0.667783361,0.656616415,0.655778894,0.665270798,0.663037409,0.661920715,0.656616415,0.642378559,0.674204355,0.668062535,0.666108319,0.667504188,0.67001675,0.664154104,0.659408152,0.666108319,0.670575098,0.66080402,0.673366834,0.665270798,0.661083194,0.652428811,0.673087661,0.667783361,0.667783361,0.665270798,0.663037409,0.661362367,0.677833613,0.654103853,0.669458403,0.670854271,0.666387493,0.660524846,0.658012284,0.652428811,0.667504188,0.66387493,0.66080402,0.664712451,0.664991625,0.668620882,0.653545505,0.671133445,0.662479062,0.655220547,0.654103853,0.661920715,0.66387493,0.674762702,0.653266332,0.663037409,0.673087661,0.670295924,0.66080402,0.653266332,0.653266332,0.662758236,0.673646008,0.656337242,0.661641541,0.653824679,0.663037409,0.679508654
UWaveGestureLibraryZ,0.649637074,0.67225014,0.666387493,0.666108319,0.659128978,0.652428811,0.670295924,0.668062535,0.66080402,0.649078727,0.664991625,0.658012284,0.664154104,0.659128978,0.659687326,0.669458403,0.674762702,0.6546622,0.664154104,0.666108319,0.663316583,0.656337242,0.667225014,0.661362367,0.656337242,0.6546622,0.656058068,0.649916248,0.666666667,0.658849805,0.675600223,0.661641541,0.666387493,0.654941374,0.670854271,0.661083194,0.658291457,0.659687326,0.663595757,0.66387493,0.662199888,0.664991625,0.652149637,0.657174763,0.656895589,0.664154104,0.65773311,0.659128978,0.644891122,0.662479062,0.653266332,0.659966499,0.652987158,0.658291457,0.662199888,0.646566164,0.661641541,0.673925181,0.647962032,0.651870463,0.663037409,0.66080402,0.657453936,0.658570631,0.674204355,0.666666667,0.663316583,0.655499721,0.652428811,0.673087661,0.670295924,0.664712451,0.665829146,0.648799553,0.661083194,0.661641541,0.646845338,0.645170296,0.650195422,0.666666667,0.660524846,0.667504188,0.669458403,0.664154104,0.665549972,0.652987158,0.67225014,0.659687326,0.663595757,0.66387493,0.657453936,0.658291457,0.666108319,0.665829146,0.667225014,0.6546622,0.658849805,0.658012284,0.660245673,0.662758236
Wafer,0.995457495,0.995944192,0.996268657,0.99513303,0.993835172,0.994159637,0.993348475,0.993348475,0.993186243,0.995619727,0.99513303,0.996268657,0.993997404,0.99513303,0.993510707,0.993835172,0.992699546,0.993835172,0.993510707,0.995944192,0.995457495,0.994970798,0.995295263,0.992861778,0.996106424,0.99578196,0.994484101,0.994808566,0.995944192,0.99789098,0.994159637,0.996106424,0.99367294,0.991888384,0.994808566,0.99513303,0.993997404,0.994159637,0.996106424,0.99578196,0.994646334,0.996106424,0.993348475,0.992537313,0.994321869,0.995619727,0.993997404,0.996593121,0.992537313,0.996268657,0.994646334,0.996268657,0.995457495,0.995944192,0.99302401,0.995619727,0.993835172,0.994808566,0.994646334,0.993510707,0.994808566,0.997079818,0.99578196,0.993510707,0.99578196,0.993186243,0.996430889,0.994484101,0.992375081,0.996593121,0.997242051,0.996593121,0.99367294,0.994159637,0.994484101,0.995457495,0.996917586,0.995619727,0.994484101,0.99513303,0.994484101,0.996755354,0.996593121,0.995457495,0.99302401,0.995619727,0.992861778,0.991239455,0.99578196,0.995619727,0.997242051,0.996917586,0.99513303,0.99367294,0.994484101,0.992861778,0.997404283,0.995457495,0.996593121,0.993510707
Wine,0.611111111,0.87037037,0.925925926,0.777777778,0.87037037,0.944444444,0.925925926,1,0.833333333,0.87037037,0.944444444,0.888888889,0.777777778,1,0.907407407,0.944444444,0.851851852,0.814814815,0.888888889,0.759259259,0.888888889,0.777777778,0.925925926,0.851851852,0.944444444,0.888888889,0.907407407,0.777777778,0.888888889,0.814814815,0.851851852,1,0.796296296,0.888888889,0.944444444,0.833333333,0.944444444,0.87037037,0.888888889,0.833333333,0.925925926,0.944444444,0.944444444,0.833333333,0.888888889,0.833333333,0.87037037,0.944444444,0.833333333,0.87037037,0.944444444,0.944444444,0.814814815,0.944444444,0.833333333,0.944444444,0.722222222,0.925925926,1,0.944444444,0.87037037,0.925925926,0.87037037,0.87037037,0.925925926,0.87037037,0.981481481,0.851851852,0.888888889,0.907407407,0.851851852,0.888888889,1,1,0.907407407,0.888888889,0.87037037,0.944444444,0.833333333,0.814814815,0.944444444,0.925925926,0.944444444,0.888888889,0.925925926,0.944444444,0.925925926,0.944444444,0.944444444,0.777777778,0.981481481,0.981481481,0.888888889,0.888888889,1,0.962962963,0.907407407,1,0.833333333,0.888888889
WordSynonyms,0.617554859,0.587774295,0.597178683,0.605015674,0.645768025,0.615987461,0.623824451,0.589341693,0.639498433,0.634796238,0.581504702,0.630094044,0.63322884,0.606583072,0.603448276,0.642633229,0.614420063,0.631661442,0.628526646,0.637931034,0.617554859,0.656739812,0.620689655,0.612852665,0.614420063,0.603448276,0.598746082,0.605015674,0.598746082,0.623824451,0.603448276,0.597178683,0.60815047,0.620689655,0.597178683,0.620689655,0.63322884,0.595611285,0.630094044,0.622257053,0.612852665,0.60815047,0.579937304,0.617554859,0.637931034,0.631661442,0.592476489,0.62539185,0.653605016,0.634796238,0.592476489,0.605015674,0.589341693,0.576802508,0.612852665,0.631661442,0.626959248,0.60031348,0.611285266,0.634796238,0.619122257,0.594043887,0.628526646,0.65830721,0.60815047,0.628526646,0.573667712,0.617554859,0.606583072,0.592476489,0.622257053,0.619122257,0.615987461,0.572100313,0.612852665,0.601880878,0.623824451,0.615987461,0.614420063,0.612852665,0.642633229,0.623824451,0.594043887,0.605015674,0.645768025,0.586206897,0.636363636,0.614420063,0.622257053,0.636363636,0.605015674,0.592476489,0.615987461,0.617554859,0.60815047,0.60815047,0.623824451,0.628526646,0.63322884,0.615987461
Worms,0.454545455,0.480519481,0.493506494,0.506493506,0.519480519,0.480519481,0.467532468,0.584415584,0.480519481,0.38961039,0.519480519,0.454545455,0.467532468,0.545454545,0.480519481,0.519480519,0.376623377,0.441558442,0.532467532,0.428571429,0.558441558,0.519480519,0.519480519,0.571428571,0.493506494,0.519480519,0.493506494,0.519480519,0.584415584,0.597402597,0.545454545,0.441558442,0.467532468,0.441558442,0.402597403,0.532467532,0.558441558,0.519480519,0.506493506,0.545454545,0.467532468,0.597402597,0.415584416,0.506493506,0.467532468,0.506493506,0.519480519,0.467532468,0.467532468,0.480519481,0.506493506,0.506493506,0.415584416,0.493506494,0.467532468,0.506493506,0.493506494,0.493506494,0.480519481,0.441558442,0.428571429,0.545454545,0.467532468,0.545454545,0.532467532,0.480519481,0.441558442,0.519480519,0.467532468,0.454545455,0.597402597,0.480519481,0.597402597,0.506493506,0.467532468,0.545454545,0.558441558,0.506493506,0.467532468,0.428571429,0.376623377,0.584415584,0.467532468,0.506493506,0.454545455,0.480519481,0.558441558,0.428571429,0.480519481,0.545454545,0.454545455,0.441558442,0.493506494,0.402597403,0.467532468,0.441558442,0.467532468,0.402597403,0.480519481,0.467532468
WormsTwoClass,0.61038961,0.558441558,0.532467532,0.675324675,0.701298701,0.506493506,0.662337662,0.688311688,0.61038961,0.597402597,0.636363636,0.61038961,0.558441558,0.636363636,0.61038961,0.649350649,0.662337662,0.532467532,0.649350649,0.597402597,0.688311688,0.584415584,0.727272727,0.649350649,0.688311688,0.584415584,0.623376623,0.623376623,0.675324675,0.662337662,0.662337662,0.649350649,0.558441558,0.61038961,0.662337662,0.727272727,0.623376623,0.675324675,0.584415584,0.649350649,0.597402597,0.662337662,0.623376623,0.61038961,0.597402597,0.623376623,0.623376623,0.584415584,0.649350649,0.571428571,0.662337662,0.623376623,0.61038961,0.623376623,0.636363636,0.623376623,0.623376623,0.584415584,0.636363636,0.584415584,0.636363636,0.662337662,0.623376623,0.636363636,0.61038961,0.597402597,0.571428571,0.545454545,0.584415584,0.636363636,0.649350649,0.688311688,0.701298701,0.675324675,0.675324675,0.571428571,0.558441558,0.623376623,0.636363636,0.558441558,0.584415584,0.636363636,0.675324675,0.662337662,0.636363636,0.623376623,0.623376623,0.636363636,0.61038961,0.571428571,0.636363636,0.649350649,0.506493506,0.584415584,0.636363636,0.597402597,0.662337662,0.662337662,0.61038961,0.623376623
Yoga,0.830333333,0.829,0.844666667,0.843666667,0.841,0.845,0.841333333,0.833666667,0.834,0.865,0.843666667,0.833666667,0.854,0.829666667,0.843666667,0.819333333,0.842,0.843,0.850666667,0.829,0.832,0.835666667,0.853666667,0.832666667,0.85,0.831666667,0.846333333,0.850333333,0.846,0.840333333,0.834666667,0.847333333,0.837,0.831333333,0.845666667,0.850666667,0.852333333,0.844,0.853333333,0.854666667,0.842333333,0.825333333,0.827333333,0.83,0.857333333,0.846,0.851666667,0.854333333,0.837666667,0.827666667,0.836333333,0.841333333,0.862333333,0.832666667,0.844666667,0.841333333,0.830666667,0.834,0.844333333,0.822666667,0.856,0.834333333,0.832666667,0.844333333,0.825333333,0.824666667,0.845,0.851,0.856333333,0.846666667,0.850666667,0.839333333,0.828,0.846666667,0.822666667,0.845,0.847666667,0.829,0.811666667,0.832333333,0.828333333,0.842666667,0.834,0.827,0.856333333,0.837666667,0.828666667,0.858333333,0.827333333,0.855,0.856,0.838666667,0.840333333,0.844666667,0.842,0.817,0.847666667,0.831333333,0.848666667,0.829666667
